drop table if exists CopiaVideogioco;
drop table if exists Partita;
drop table if exists Preferenza;
drop table if exists PianoCancellato;
drop table if exists Piano;
drop table if exists TipologiaPiano;
drop table if exists Partecipazione;
drop table if exists Sessione;
drop table if exists VideogiocoMultiplayer;
drop table if exists Utente;
drop table if exists Videogioco;

-- drop index if exists ind_utente_id                  on Utente;
-- drop index if exists ind_vg_id                      on Videogioco;
-- drop index if exists ind_vgm_id_vg                  on VideogiocoMultiplayer;
-- drop index if exists ind_tipo_tipo                  on TipologiaPiano;
-- drop index if exists ind_piano_id                   on Piano;
-- drop index if exists ind_piano_canc_id              on PianoCancellato;
-- drop index if exists indFK_cv_id_vg                 on CopiaVideogioco;
-- drop index if exists indFK_cv_id_usr                on CopiaVideogioco;
-- drop index if exists indFK_partita_id_usr           on Partita;
-- drop index if exists indFK_partita_id_vg            on Partita;
-- drop index if exists indFK_preferenza_id_usr        on Preferenza;
-- drop index if exists indFK_preferenza_id_vg         on Preferenza;
-- drop index if exists indFK_vgm_id_vg                on VideogiocoMultiplayer;
-- drop index if exists indFK_piano_id_usr             on Piano;
-- drop index if exists indFK_piano_tipologia          on Piano;
-- drop index if exists indFK_piano_canv_id            on PianoCancellato;
-- drop index if exists indFK_sessione_id_vg           on Sessione;
-- drop index if exists indFK_sessione_id_creatore     on Sessione;
-- drop index if exists indFK_part_id_usr              on Partecipazione;
-- drop index if exists indFK_part_id_session          on Partecipazione;


create table Utente (
    id              int                 primary key auto_increment,
    nome            varchar(255)        not null,
    cognome         varchar(255)        not null,
    password        varchar(255)        not null,
    email           varchar(255)        not null,
    telefono        int
);

create table Videogioco (
    id              int                 primary key auto_increment,
    titolo          varchar(255)        not null,
    genere          varchar(255),
    anno            year,
    azienda         varchar(255),
    produttore      varchar(255),
    prezzo          int
);

create table CopiaVideogioco (
    id              int                 not null,
    id_vg           int                 not null references Videogioco(id),
    id_usr          int                 not null references Utente(id),
    data_acquisto   date,
    unique (id, id_vg)
);

create table Partita (
    id_usr          int                 not null references Utente(id),
    id_vg           int                 not null references Videogioco(id),
    data            datetime            not null,
    ore_gioco       int,
    unique (id_usr, id_vg, data)
);

create table Preferenza (
    id_usr          int                 not null references Utente(id),
    id_vg           int                 not null references Videogioco(id),
    unique (id_usr, id_vg)
);

create table VideogiocoMultiplayer (
    id_vg           int                 primary key references Videogioco(id),
    min_giocatori   int                 default 1,
    max_giocatori   int
);

create table TipologiaPiano (
    tipologia       enum('Gratuito',
                         'Mensile',
                         'Annuale')     primary key,
    costo           int                 not null
);

create table Piano (
    id              int                 primary key auto_increment,
    id_usr          int                 not null references Utente(id),
    tipologia       enum('Gratuito',
                         'Mensile',
                         'Annuale')     not null references TipologiaPiano(tipologia),
    data_acquisto   date                not null,
    ora_acquisto    time                not null
);

create table PianoCancellato (
    id              int                 primary key references Piano(id),
    data_canc       date                not null,
    ora_canc        time                not null
);

create table Sessione (
    id              int                 primary key,
    id_vg           int                 not null references VideogiocoMultiplayer(id_vg),
    id_creatore     int                 not null references Utente(id),
    data            date,
    tempo_trascorso int
);

create table Partecipazione (
    id_usr          int                 not null references Utente(id),
    id_session      int                 not null references Sessione(id),
    unique(id_usr, id_session)
);

create index ind_utente_id                  on Utente(id);
create index ind_vg_id                      on Videogioco(id);
create index ind_vgm_id_vg                  on VideogiocoMultiplayer(id_vg);
create index ind_tipo_tipo                  on TipologiaPiano(tipologia);
create index ind_piano_id                   on Piano(id);
create index ind_piano_canc_id              on PianoCancellato(id);
create index indFK_cv_id_vg                 on CopiaVideogioco(id_vg);
create index indFK_cv_id_usr                on CopiaVideogioco(id_usr);
create index indFK_partita_id_usr           on Partita(id_usr);
create index indFK_partita_id_vg            on Partita(id_vg);
create index indFK_preferenza_id_usr        on Preferenza(id_usr);
create index indFK_preferenza_id_vg         on Preferenza(id_vg);
create index indFK_piano_id_usr             on Piano(id_usr);
create index indFK_piano_tipologia          on Piano(tipologia);
create index indFK_sessione_id_vg           on Sessione(id_vg);
create index indFK_sessione_id_creatore     on Sessione(id_creatore);
create index indFK_part_id_usr              on Partecipazione(id_usr);
create index indFK_part_id_session          on Partecipazione(id_session);

insert into Utente(nome, cognome, password, email) values('Christian', 'Ricci', 'abc', 'chri@mail.com');
insert into Utente(nome, cognome, password, email) values('Roberto', 'Montalti', 'def', 'rob@mail.com');
insert into Utente(nome, cognome, password, email) values('Juri', 'Simoncini', 'ghi', 'juri@mail.com');
insert into Utente(nome, cognome, password, email) values('Edoardo', 'Savini', 'jkl', 'sedoardo98@mail.com');
insert into Utente(nome, cognome, password, email) values('Giacomo', 'Cavalieri', 'mno', 'giaccava@mail.com');
insert into Utente(nome, cognome, password, email) values('Chad', 'Smith', 'pqr', 'chad@mail.com');
insert into Utente(nome, cognome, password, email) values('Federico', 'Orazio', 'stu', 'orazio@mail.com');
insert into Utente(nome, cognome, password, email) values('Dario', 'Ketchup', 'vwx', 'ketchup@mail.com');
insert into Utente(nome, cognome, password, email) values('Gianluca', 'Migliarini', 'yz', 'gianlu@mail.com');
insert into Utente(nome, cognome, password, email) values('Simone', 'Rega', 'abcdef', 'rega@mail.com');
insert into Utente(nome, cognome, password, email) values('Francesco', 'Tappi', 'ghijk', 'tappi@mail.com');

insert into Videogioco(titolo, genere, anno, azienda, produttore, prezzo) values('Super Mario World', 'Platformer', 1990, 'Nintendo', 'Shigeru Miyamoto', 30);
insert into Videogioco(titolo, genere, anno, azienda, produttore, prezzo) values('Touhou 6', 'Danmaku', 2002, 'Team Alice', 'ZUN', 20);
insert into Videogioco(titolo, genere, anno, azienda, produttore, prezzo) values('DOOM', 'FPS', 1993, 'id Software', 'John Carmack', 20);
insert into Videogioco(titolo, genere, anno, azienda, produttore, prezzo) values('EarthBound', 'JRPG', 1995, 'Nintendo', 'Shigesato Itoi', 30);
insert into Videogioco(titolo, genere, anno, azienda, produttore, prezzo) values('Overwatch', 'FPS', 2016, 'Blizzard', 'Jeff Kaplam', 60);
insert into Videogioco(titolo, genere, anno, azienda, produttore, prezzo) values('Genshin Impact', 'ARPG', 2020, 'miHoYo', NULL, 20);
insert into Videogioco(titolo, genere, anno, azienda, produttore, prezzo) values('Celeste', 'Platformer', 2018, 'Extremely OK Games', 'Maddy Thorson', 20);
insert into Videogioco(titolo, genere, anno, azienda, produttore, prezzo) values('Rocket League', 'Sport', 2015, 'Psyonix Studios', NULL, 30);
insert into Videogioco(titolo, genere, anno, azienda, produttore, prezzo) values('DOOM Eternal', 'FPS', 2020, 'id Software', 'Hugo Martin', 60);
insert into Videogioco(titolo, genere, anno, azienda, produttore, prezzo) values('Super Mario 64', 'Platformer', 1997, 'Nintendo', 'Shigeru Myamoto', 20);
insert into Videogioco(titolo, genere, anno, azienda, produttore, prezzo) values('Rainbow Six Siege', 'FPS', 2015, 'Ubisoft', 'Xavier Marquis', 60);
insert into Videogioco(titolo, genere, anno, azienda, produttore, prezzo) values('Final Fantasy VII', 'JRPG', 1997, 'Square', 'Yoshinori Kitase', 30);
insert into Videogioco(titolo, genere, anno, azienda, produttore, prezzo) values('Cave Story', 'Platformer', 2004, 'Nicalis', 'Pixel', 10);
insert into Videogioco(titolo, genere, anno, azienda, produttore, prezzo) values('KrunkerIO', 'FPS', 2015, NULL, NULL, NULL);

insert into VideogiocoMultiplayer values(1, 1, 2);
insert into VideogiocoMultiplayer values(5, 4, 10);
insert into VideogiocoMultiplayer values(6, 1, 3);
insert into VideogiocoMultiplayer values(8, 2, 4);
insert into VideogiocoMultiplayer values(11, 3, 10);
insert into VideogiocoMultiplayer values(14, 1, 10);

insert into TipologiaPiano values('Gratuito', 0);
insert into TipologiaPiano values('Mensile', 10);
insert into TipologiaPiano values('Annuale', 100);

-- generated code ahead
insert into Piano(id, id_usr, tipologia, data_acquisto, ora_acquisto) values(1, 1, 'Gratuito', '2021-01-14', '06:28:46');
insert into Piano(id, id_usr, tipologia, data_acquisto, ora_acquisto) values(2, 1, 'Mensile', '2021-02-14', '18:48:21');
insert into PianoCancellato values(2, '2021-03-05', '14:57:37');
insert into Piano(id, id_usr, tipologia, data_acquisto, ora_acquisto) values(3, 1, 'Annuale', '2021-03-05', '07:17:57');
insert into PianoCancellato values(3, '2021-04-01', '16:21:31');
insert into Piano(id, id_usr, tipologia, data_acquisto, ora_acquisto) values(4, 1, 'Mensile', '2021-04-01', '08:48:59');
insert into PianoCancellato values(4, '2021-04-18', '08:57:00');
insert into Partita values(1, 1, '2021-03-17 23:27:03', 1);
insert into Partita values(1, 1, '2021-03-24 16:22:50', 2);
insert into Partita values(1, 1, '2021-02-12 22:11:55', 1);
insert into Partita values(1, 1, '2021-04-16 21:15:59', 2);
insert into Preferenza values(1, 1);
insert into Partita values(1, 2, '2021-02-23 00:24:38', 4);
insert into Partita values(1, 3, '2021-02-08 16:51:18', 1);
insert into Partita values(1, 3, '2021-02-05 12:02:01', 2);
insert into Partita values(1, 3, '2021-02-03 00:30:29', 3);
insert into Partita values(1, 3, '2021-03-22 22:51:09', 4);
insert into Partita values(1, 3, '2021-03-21 19:03:59', 4);
insert into Partita values(1, 4, '2021-02-19 18:53:42', 1);
insert into Partita values(1, 4, '2021-04-10 04:26:13', 3);
insert into Partita values(1, 4, '2021-04-13 02:57:56', 2);
insert into Partita values(1, 4, '2021-03-24 06:43:56', 2);
insert into Partita values(1, 4, '2021-02-22 20:24:47', 1);
insert into Preferenza values(1, 4);
insert into Partita values(1, 5, '2021-02-09 22:51:25', 3);
insert into Partita values(1, 5, '2021-02-24 19:12:41', 3);
insert into Partita values(1, 5, '2021-04-02 09:38:09', 3);
insert into Partita values(1, 6, '2021-04-01 06:52:21', 4);
insert into Preferenza values(1, 6);
insert into Partita values(1, 7, '2021-02-17 02:54:47', 4);
insert into Partita values(1, 7, '2021-04-04 21:16:57', 2);
insert into Partita values(1, 7, '2021-03-24 11:02:44', 1);
insert into Partita values(1, 7, '2021-01-29 19:56:26', 4);
insert into Partita values(1, 7, '2021-04-01 15:56:14', 4);
insert into Partita values(1, 7, '2021-02-19 21:00:06', 3);
insert into Partita values(1, 7, '2021-02-24 14:49:11', 3);
insert into Partita values(1, 7, '2021-02-11 15:34:55', 3);
insert into Partita values(1, 7, '2021-02-18 22:24:07', 4);
insert into Partita values(1, 7, '2021-03-19 08:43:25', 4);
insert into Partita values(1, 8, '2021-04-18 06:43:13', 3);
insert into Partita values(1, 11, '2021-04-04 20:53:16', 4);
insert into Partita values(1, 11, '2021-04-09 11:01:57', 2);
insert into Partita values(1, 11, '2021-01-22 22:23:19', 4);
insert into Partita values(1, 11, '2021-03-23 01:52:38', 3);
insert into Partita values(1, 11, '2021-04-08 18:52:58', 2);
insert into Partita values(1, 11, '2021-03-12 12:35:14', 2);
insert into Partita values(1, 11, '2021-04-18 18:57:56', 2);
insert into Partita values(1, 11, '2021-01-29 11:15:07', 1);
insert into Partita values(1, 11, '2021-03-02 04:32:30', 2);
insert into Partita values(1, 12, '2021-01-29 01:27:22', 3);
insert into Partita values(1, 12, '2021-02-15 04:28:33', 2);
insert into Partita values(1, 12, '2021-03-14 12:51:40', 3);
insert into Preferenza values(1, 12);
insert into Partita values(1, 14, '2021-02-28 14:01:01', 1);
insert into Partita values(1, 14, '2021-03-30 12:14:24', 3);
insert into Partita values(1, 14, '2021-01-30 09:25:59', 2);
insert into Partita values(1, 14, '2021-01-16 19:45:32', 4);
insert into Preferenza values(1, 14);
insert into Piano(id, id_usr, tipologia, data_acquisto, ora_acquisto) values(5, 2, 'Gratuito', '2021-02-01', '07:24:02');
insert into Piano(id, id_usr, tipologia, data_acquisto, ora_acquisto) values(6, 2, 'Mensile', '2021-03-01', '15:40:58');
insert into PianoCancellato values(6, '2021-03-15', '08:32:13');
insert into Partita values(2, 1, '2021-03-13 00:26:12', 2);
insert into Partita values(2, 1, '2021-02-25 06:54:25', 1);
insert into Preferenza values(2, 1);
insert into Partita values(2, 2, '2021-02-20 08:55:21', 3);
insert into Partita values(2, 2, '2021-02-06 18:32:39', 3);
insert into Partita values(2, 2, '2021-02-05 03:30:53', 3);
insert into Partita values(2, 2, '2021-03-06 14:54:32', 3);
insert into Partita values(2, 2, '2021-03-13 22:28:40', 4);
insert into Partita values(2, 2, '2021-02-26 19:36:27', 3);
insert into Preferenza values(2, 2);
insert into Partita values(2, 4, '2021-02-01 08:44:23', 3);
insert into Partita values(2, 4, '2021-02-09 09:28:18', 4);
insert into Partita values(2, 4, '2021-02-15 19:08:56', 4);
insert into Partita values(2, 4, '2021-02-21 19:13:03', 3);
insert into Partita values(2, 4, '2021-02-22 14:51:49', 4);
insert into Partita values(2, 4, '2021-02-21 01:47:22', 4);
insert into Partita values(2, 4, '2021-02-27 21:27:48', 1);
insert into Partita values(2, 4, '2021-02-01 15:03:21', 3);
insert into Partita values(2, 4, '2021-03-07 00:13:48', 4);
insert into Preferenza values(2, 4);
insert into Partita values(2, 5, '2021-02-08 22:17:21', 4);
insert into Partita values(2, 5, '2021-02-07 06:31:31', 4);
insert into Partita values(2, 5, '2021-02-05 12:46:12', 2);
insert into Partita values(2, 5, '2021-03-04 16:52:10', 2);
insert into Partita values(2, 5, '2021-03-05 03:52:18', 4);
insert into Partita values(2, 5, '2021-02-27 22:09:44', 4);
insert into Partita values(2, 5, '2021-02-08 02:12:42', 3);
insert into Partita values(2, 5, '2021-02-25 03:43:19', 1);
insert into Partita values(2, 5, '2021-03-12 19:46:56', 3);
insert into Partita values(2, 5, '2021-02-07 19:30:17', 4);
insert into Partita values(2, 6, '2021-02-24 16:39:24', 2);
insert into Partita values(2, 6, '2021-02-23 15:36:48', 1);
insert into Partita values(2, 6, '2021-02-07 05:32:37', 2);
insert into Partita values(2, 6, '2021-02-21 13:56:17', 4);
insert into Partita values(2, 6, '2021-02-10 09:50:38', 1);
insert into Partita values(2, 6, '2021-02-23 07:10:56', 1);
insert into Partita values(2, 6, '2021-02-24 13:53:45', 4);
insert into Partita values(2, 7, '2021-02-25 08:40:32', 1);
insert into Partita values(2, 8, '2021-02-04 10:34:30', 1);
insert into Partita values(2, 8, '2021-02-02 05:50:54', 1);
insert into Partita values(2, 8, '2021-03-01 05:15:54', 2);
insert into Partita values(2, 8, '2021-02-21 12:57:11', 4);
insert into Partita values(2, 8, '2021-03-10 18:36:38', 1);
insert into Partita values(2, 8, '2021-02-03 20:15:46', 1);
insert into Preferenza values(2, 8);
insert into Partita values(2, 9, '2021-03-07 12:27:30', 3);
insert into Partita values(2, 9, '2021-02-20 15:16:50', 4);
insert into Partita values(2, 9, '2021-03-11 09:23:11', 2);
insert into Partita values(2, 9, '2021-02-05 15:35:53', 1);
insert into Partita values(2, 9, '2021-02-17 11:11:33', 2);
insert into Partita values(2, 9, '2021-02-28 10:38:49', 2);
insert into Partita values(2, 9, '2021-02-10 05:41:41', 4);
insert into Partita values(2, 9, '2021-02-03 11:23:27', 2);
insert into Preferenza values(2, 9);
insert into Partita values(2, 11, '2021-02-02 16:06:49', 3);
insert into Partita values(2, 11, '2021-02-06 09:58:01', 4);
insert into Partita values(2, 11, '2021-02-18 02:16:16', 3);
insert into Partita values(2, 11, '2021-02-17 00:22:09', 3);
insert into Partita values(2, 11, '2021-03-02 02:53:37', 4);
insert into Partita values(2, 11, '2021-02-11 13:03:59', 3);
insert into Partita values(2, 11, '2021-03-14 15:09:47', 4);
insert into Partita values(2, 11, '2021-02-22 13:43:18', 1);
insert into Partita values(2, 11, '2021-02-09 17:27:32', 3);
insert into Partita values(2, 13, '2021-02-05 00:14:58', 4);
insert into Partita values(2, 13, '2021-02-21 08:38:06', 2);
insert into Partita values(2, 13, '2021-03-02 19:50:17', 4);
insert into Partita values(2, 13, '2021-02-06 02:12:39', 1);
insert into Partita values(2, 13, '2021-02-07 09:32:44', 3);
insert into Partita values(2, 13, '2021-02-08 00:55:02', 4);
insert into Partita values(2, 14, '2021-02-18 21:25:33', 1);
insert into Partita values(2, 14, '2021-03-01 21:48:28', 1);
insert into Partita values(2, 14, '2021-03-03 03:49:36', 1);
insert into Partita values(2, 14, '2021-02-02 22:48:05', 3);
insert into Partita values(2, 14, '2021-03-12 12:51:53', 2);
insert into Partita values(2, 14, '2021-02-16 13:10:29', 4);
insert into Partita values(2, 14, '2021-03-04 13:57:54', 3);
insert into Partita values(2, 14, '2021-03-07 06:00:56', 4);
insert into Partita values(2, 14, '2021-02-07 09:18:12', 3);
insert into Preferenza values(2, 14);
insert into Piano(id, id_usr, tipologia, data_acquisto, ora_acquisto) values(7, 3, 'Gratuito', '2021-06-07', '01:13:38');
insert into Piano(id, id_usr, tipologia, data_acquisto, ora_acquisto) values(8, 3, 'Mensile', '2021-07-07', '03:38:33');
insert into PianoCancellato values(8, '2021-07-08', '02:54:24');
insert into Partita values(3, 1, '2021-06-19 07:42:29', 1);
insert into Partita values(3, 1, '2021-06-13 20:13:42', 1);
insert into Partita values(3, 5, '2021-06-18 02:42:35', 2);
insert into Partita values(3, 5, '2021-06-20 01:32:07', 3);
insert into Partita values(3, 5, '2021-06-16 20:44:06', 2);
insert into Partita values(3, 5, '2021-06-14 19:49:19', 2);
insert into Partita values(3, 5, '2021-06-14 01:41:40', 2);
insert into Partita values(3, 5, '2021-06-17 09:19:44', 4);
insert into Preferenza values(3, 5);
insert into Partita values(3, 6, '2021-06-17 13:57:48', 4);
insert into Partita values(3, 6, '2021-06-28 01:30:32', 3);
insert into Partita values(3, 6, '2021-06-08 11:45:30', 1);
insert into Partita values(3, 6, '2021-07-03 10:23:19', 3);
insert into Partita values(3, 6, '2021-06-17 23:30:43', 1);
insert into Partita values(3, 6, '2021-06-11 22:56:22', 2);
insert into Partita values(3, 7, '2021-06-27 00:33:59', 3);
insert into Partita values(3, 7, '2021-06-08 17:32:42', 1);
insert into Partita values(3, 7, '2021-06-19 16:02:35', 1);
insert into Partita values(3, 7, '2021-06-28 16:29:55', 2);
insert into Partita values(3, 7, '2021-06-20 21:14:45', 3);
insert into Partita values(3, 7, '2021-06-08 04:13:16', 4);
insert into Partita values(3, 7, '2021-06-09 22:33:28', 3);
insert into Partita values(3, 7, '2021-07-01 12:46:21', 2);
insert into Partita values(3, 7, '2021-06-22 06:12:31', 3);
insert into Partita values(3, 7, '2021-06-25 17:49:44', 2);
insert into Partita values(3, 8, '2021-07-03 20:31:22', 2);
insert into Partita values(3, 8, '2021-06-30 10:53:15', 1);
insert into Partita values(3, 8, '2021-06-09 21:03:15', 2);
insert into Partita values(3, 8, '2021-07-07 17:36:33', 2);
insert into Partita values(3, 8, '2021-06-17 15:13:37', 1);
insert into Preferenza values(3, 8);
insert into Partita values(3, 11, '2021-06-26 17:39:21', 2);
insert into Partita values(3, 11, '2021-06-24 22:19:39', 2);
insert into Partita values(3, 11, '2021-06-30 11:06:58', 3);
insert into Partita values(3, 11, '2021-06-25 07:02:40', 3);
insert into Partita values(3, 11, '2021-07-02 09:29:46', 3);
insert into Partita values(3, 11, '2021-07-05 15:00:42', 3);
insert into Partita values(3, 11, '2021-07-02 00:59:56', 3);
insert into Partita values(3, 14, '2021-07-04 20:37:17', 4);
insert into Partita values(3, 14, '2021-06-14 09:44:48', 3);
insert into Partita values(3, 14, '2021-07-06 15:06:32', 1);
insert into Partita values(3, 14, '2021-07-03 14:02:41', 4);
insert into Partita values(3, 14, '2021-06-29 20:48:43', 2);
insert into Partita values(3, 14, '2021-06-16 14:02:14', 2);
insert into Piano(id, id_usr, tipologia, data_acquisto, ora_acquisto) values(9, 4, 'Gratuito', '2021-02-24', '11:39:07');
insert into Piano(id, id_usr, tipologia, data_acquisto, ora_acquisto) values(10, 4, 'Mensile', '2021-03-24', '00:05:41');
insert into Piano(id, id_usr, tipologia, data_acquisto, ora_acquisto) values(11, 4, 'Mensile', '2021-04-24', '22:16:16');
insert into PianoCancellato values(11, '2021-05-17', '09:32:41');
insert into Partita values(4, 1, '2021-03-08 00:25:49', 1);
insert into Partita values(4, 1, '2021-04-14 06:07:10', 4);
insert into Partita values(4, 2, '2021-03-07 10:41:06', 3);
insert into Partita values(4, 2, '2021-04-14 04:43:52', 3);
insert into Partita values(4, 2, '2021-03-06 06:35:20', 2);
insert into Partita values(4, 2, '2021-04-10 10:20:59', 3);
insert into Partita values(4, 2, '2021-05-06 01:44:29', 4);
insert into Partita values(4, 3, '2021-03-21 17:38:15', 4);
insert into Partita values(4, 3, '2021-03-01 01:42:11', 4);
insert into Partita values(4, 3, '2021-03-24 14:01:51', 2);
insert into Partita values(4, 3, '2021-05-02 22:13:37', 2);
insert into Partita values(4, 3, '2021-05-09 14:17:55', 3);
insert into Partita values(4, 3, '2021-03-24 07:07:57', 4);
insert into Preferenza values(4, 3);
insert into Partita values(4, 4, '2021-04-10 20:41:20', 2);
insert into Partita values(4, 4, '2021-05-16 16:10:41', 2);
insert into Partita values(4, 4, '2021-02-26 14:50:36', 1);
insert into Partita values(4, 4, '2021-05-08 14:26:18', 2);
insert into Partita values(4, 4, '2021-04-07 18:08:08', 2);
insert into Preferenza values(4, 4);
insert into Partita values(4, 5, '2021-03-27 18:48:57', 1);
insert into Partita values(4, 5, '2021-04-06 15:36:09', 3);
insert into Partita values(4, 5, '2021-05-04 07:52:06', 3);
insert into Partita values(4, 5, '2021-05-02 11:17:06', 4);
insert into Partita values(4, 5, '2021-04-16 15:19:19', 1);
insert into Partita values(4, 5, '2021-03-20 20:05:12', 3);
insert into Partita values(4, 5, '2021-04-17 12:23:03', 4);
insert into Partita values(4, 5, '2021-04-26 12:54:07', 4);
insert into Preferenza values(4, 5);
insert into Partita values(4, 6, '2021-05-12 20:02:13', 1);
insert into Partita values(4, 6, '2021-03-19 13:00:05', 4);
insert into Partita values(4, 6, '2021-02-25 08:45:33', 3);
insert into Partita values(4, 6, '2021-03-03 03:06:42', 4);
insert into Partita values(4, 6, '2021-03-21 15:07:51', 2);
insert into Partita values(4, 6, '2021-03-05 06:16:52', 2);
insert into Partita values(4, 6, '2021-03-23 11:06:44', 2);
insert into Partita values(4, 6, '2021-04-30 14:58:22', 4);
insert into Partita values(4, 6, '2021-05-11 16:38:53', 4);
insert into Partita values(4, 6, '2021-03-18 06:25:41', 1);
insert into Partita values(4, 8, '2021-04-07 19:39:46', 3);
insert into Partita values(4, 8, '2021-05-16 17:35:56', 1);
insert into Partita values(4, 8, '2021-03-04 09:27:29', 3);
insert into Partita values(4, 8, '2021-05-09 11:33:13', 3);
insert into Partita values(4, 8, '2021-05-10 03:18:27', 4);
insert into Partita values(4, 8, '2021-05-11 08:13:20', 4);
insert into Partita values(4, 8, '2021-03-16 09:42:22', 4);
insert into Partita values(4, 8, '2021-04-17 16:19:00', 1);
insert into Partita values(4, 8, '2021-03-19 03:29:06', 2);
insert into Partita values(4, 8, '2021-05-05 04:21:20', 1);
insert into Partita values(4, 9, '2021-04-23 13:31:01', 3);
insert into Partita values(4, 9, '2021-03-29 03:11:25', 3);
insert into Partita values(4, 9, '2021-04-29 19:25:26', 1);
insert into Partita values(4, 9, '2021-04-22 04:42:57', 4);
insert into Partita values(4, 9, '2021-04-22 11:01:47', 3);
insert into Partita values(4, 9, '2021-04-06 21:59:23', 2);
insert into Partita values(4, 9, '2021-05-03 19:23:43', 1);
insert into Partita values(4, 9, '2021-05-05 12:40:46', 1);
insert into Partita values(4, 9, '2021-04-02 06:20:16', 3);
insert into Partita values(4, 9, '2021-04-11 14:34:49', 2);
insert into Preferenza values(4, 9);
insert into Partita values(4, 11, '2021-03-15 16:05:21', 1);
insert into Partita values(4, 11, '2021-03-11 10:20:21', 3);
insert into Partita values(4, 11, '2021-02-27 03:25:59', 4);
insert into Partita values(4, 11, '2021-04-17 01:49:43', 1);
insert into Partita values(4, 11, '2021-03-09 08:50:26', 1);
insert into Partita values(4, 11, '2021-04-10 23:30:24', 1);
insert into Preferenza values(4, 11);
insert into Partita values(4, 12, '2021-05-03 00:59:21', 2);
insert into Partita values(4, 12, '2021-03-23 04:15:00', 4);
insert into Partita values(4, 12, '2021-03-08 05:34:10', 4);
insert into Partita values(4, 12, '2021-04-30 20:12:11', 2);
insert into Partita values(4, 12, '2021-03-20 00:33:36', 1);
insert into Partita values(4, 12, '2021-02-27 18:29:15', 4);
insert into Partita values(4, 12, '2021-03-20 02:54:14', 2);
insert into Partita values(4, 12, '2021-05-07 06:42:46', 1);
insert into Preferenza values(4, 12);
insert into Partita values(4, 13, '2021-05-16 01:58:56', 3);
insert into Partita values(4, 13, '2021-03-06 15:59:27', 4);
insert into Partita values(4, 13, '2021-05-10 17:07:42', 3);
insert into Partita values(4, 13, '2021-03-26 19:53:50', 2);
insert into Partita values(4, 13, '2021-04-11 06:21:23', 3);
insert into Partita values(4, 13, '2021-05-06 07:07:04', 4);
insert into Preferenza values(4, 13);
insert into Partita values(4, 14, '2021-04-30 02:36:52', 3);
insert into Partita values(4, 14, '2021-05-05 22:38:23', 1);
insert into Partita values(4, 14, '2021-05-14 23:53:03', 3);
insert into Partita values(4, 14, '2021-05-05 15:24:56', 1);
insert into Partita values(4, 14, '2021-05-12 21:00:57', 4);
insert into Piano(id, id_usr, tipologia, data_acquisto, ora_acquisto) values(12, 5, 'Gratuito', '2021-06-07', '17:23:53');
insert into Piano(id, id_usr, tipologia, data_acquisto, ora_acquisto) values(13, 5, 'Mensile', '2021-07-07', '20:55:24');
insert into PianoCancellato values(13, '2021-07-08', '20:47:37');
insert into Piano(id, id_usr, tipologia, data_acquisto, ora_acquisto) values(14, 5, 'Annuale', '2021-07-08', '04:45:55');
insert into PianoCancellato values(14, '2021-07-20', '04:49:44');
insert into Partita values(5, 1, '2021-07-05 10:55:19', 4);
insert into Partita values(5, 1, '2021-06-14 07:05:50', 2);
insert into Partita values(5, 1, '2021-07-15 03:06:18', 3);
insert into Partita values(5, 1, '2021-07-16 06:08:04', 3);
insert into Partita values(5, 3, '2021-07-08 15:10:09', 2);
insert into Partita values(5, 3, '2021-07-06 13:25:36', 2);
insert into Partita values(5, 3, '2021-07-16 07:32:36', 1);
insert into Preferenza values(5, 3);
insert into Partita values(5, 5, '2021-07-16 10:32:27', 3);
insert into Partita values(5, 5, '2021-07-06 16:15:47', 4);
insert into Partita values(5, 5, '2021-07-18 10:24:56', 4);
insert into Partita values(5, 5, '2021-06-27 10:45:47', 3);
insert into Partita values(5, 5, '2021-06-17 06:16:29', 1);
insert into Partita values(5, 5, '2021-06-24 11:55:12', 1);
insert into Partita values(5, 5, '2021-07-06 10:22:14', 2);
insert into Partita values(5, 6, '2021-07-12 04:36:46', 1);
insert into Partita values(5, 6, '2021-06-12 00:11:04', 2);
insert into Partita values(5, 6, '2021-06-08 09:42:54', 3);
insert into Partita values(5, 6, '2021-07-03 15:05:47', 1);
insert into Partita values(5, 6, '2021-07-01 06:22:30', 3);
insert into Partita values(5, 8, '2021-06-24 09:24:58', 4);
insert into Partita values(5, 10, '2021-06-15 17:01:02', 3);
insert into Partita values(5, 10, '2021-07-03 05:33:26', 2);
insert into Partita values(5, 10, '2021-06-09 08:47:30', 3);
insert into Partita values(5, 10, '2021-06-08 21:08:07', 4);
insert into Partita values(5, 10, '2021-07-10 15:42:46', 1);
insert into Partita values(5, 10, '2021-07-11 07:41:21', 4);
insert into Partita values(5, 10, '2021-07-16 23:53:35', 1);
insert into Partita values(5, 10, '2021-07-02 19:38:01', 4);
insert into Partita values(5, 10, '2021-07-15 03:15:58', 3);
insert into Partita values(5, 11, '2021-07-18 01:46:18', 4);
insert into Partita values(5, 11, '2021-06-16 08:14:40', 4);
insert into Partita values(5, 11, '2021-06-10 18:48:39', 4);
insert into Partita values(5, 11, '2021-07-15 15:24:31', 3);
insert into Partita values(5, 12, '2021-06-11 04:02:41', 2);
insert into Partita values(5, 12, '2021-07-19 03:03:21', 3);
insert into Partita values(5, 12, '2021-06-19 06:23:21', 2);
insert into Partita values(5, 12, '2021-06-22 16:13:19', 1);
insert into Preferenza values(5, 12);
insert into Partita values(5, 14, '2021-06-19 23:06:52', 2);
insert into Partita values(5, 14, '2021-07-02 12:18:20', 3);
insert into Partita values(5, 14, '2021-06-27 12:08:13', 1);
insert into Partita values(5, 14, '2021-06-30 22:43:07', 4);
insert into Partita values(5, 14, '2021-06-18 16:53:57', 1);
insert into Partita values(5, 14, '2021-07-08 12:07:18', 1);
insert into Piano(id, id_usr, tipologia, data_acquisto, ora_acquisto) values(15, 6, 'Gratuito', '2021-05-22', '19:55:34');
insert into Piano(id, id_usr, tipologia, data_acquisto, ora_acquisto) values(16, 6, 'Mensile', '2021-06-22', '06:14:01');
insert into Piano(id, id_usr, tipologia, data_acquisto, ora_acquisto) values(17, 6, 'Annuale', '2021-07-22', '05:37:06');
insert into Piano(id, id_usr, tipologia, data_acquisto, ora_acquisto) values(18, 6, 'Mensile', '2022-07-22', '08:52:57');
insert into Partita values(6, 1, '2022-07-01 22:58:04', 2);
insert into Partita values(6, 1, '2021-09-22 15:08:51', 2);
insert into Partita values(6, 1, '2021-12-28 19:02:43', 1);
insert into Partita values(6, 1, '2022-08-03 14:50:10', 4);
insert into Partita values(6, 1, '2022-02-24 23:00:08', 3);
insert into Partita values(6, 1, '2022-01-08 03:23:33', 4);
insert into Partita values(6, 1, '2021-09-13 00:09:03', 4);
insert into Partita values(6, 1, '2021-12-16 03:10:28', 2);
insert into Partita values(6, 1, '2022-07-06 12:10:48', 2);
insert into Partita values(6, 3, '2021-09-02 12:16:24', 4);
insert into Partita values(6, 3, '2021-11-09 03:55:14', 3);
insert into Partita values(6, 3, '2022-04-22 23:43:26', 2);
insert into Preferenza values(6, 3);
insert into Partita values(6, 5, '2022-05-05 03:02:00', 4);
insert into Partita values(6, 5, '2022-01-28 12:17:03', 4);
insert into Partita values(6, 5, '2021-07-17 17:29:51', 3);
insert into Partita values(6, 5, '2021-11-28 01:30:19', 4);
insert into Partita values(6, 6, '2021-05-24 01:54:58', 3);
insert into Partita values(6, 6, '2022-03-26 08:12:46', 2);
insert into Partita values(6, 6, '2022-06-11 13:34:33', 1);
insert into Partita values(6, 6, '2022-06-01 20:28:46', 2);
insert into Partita values(6, 6, '2021-06-10 01:43:02', 4);
insert into Partita values(6, 6, '2021-05-27 07:55:36', 1);
insert into Partita values(6, 6, '2022-01-06 14:22:11', 3);
insert into Partita values(6, 6, '2021-12-09 23:54:29', 1);
insert into Partita values(6, 6, '2021-10-08 05:36:09', 3);
insert into Partita values(6, 6, '2022-06-23 00:09:01', 3);
insert into Preferenza values(6, 6);
insert into Partita values(6, 8, '2021-07-20 18:44:27', 4);
insert into Partita values(6, 8, '2022-05-20 02:14:03', 3);
insert into Partita values(6, 8, '2022-05-08 04:47:57', 4);
insert into Partita values(6, 8, '2022-06-03 12:06:29', 4);
insert into Partita values(6, 8, '2022-05-23 07:55:13', 2);
insert into Partita values(6, 8, '2021-08-26 09:17:32', 3);
insert into Partita values(6, 8, '2021-07-27 07:49:03', 4);
insert into Partita values(6, 11, '2021-12-28 23:50:31', 2);
insert into Partita values(6, 11, '2021-08-25 05:30:49', 2);
insert into Partita values(6, 11, '2021-05-29 14:14:38', 3);
insert into Partita values(6, 11, '2022-04-03 23:11:46', 2);
insert into Partita values(6, 11, '2021-08-03 18:21:32', 4);
insert into Partita values(6, 11, '2021-07-21 02:37:23', 1);
insert into Partita values(6, 12, '2022-07-02 03:12:43', 2);
insert into Partita values(6, 12, '2021-07-15 20:55:08', 3);
insert into Partita values(6, 12, '2021-12-03 02:12:30', 3);
insert into Partita values(6, 12, '2022-07-10 02:22:46', 1);
insert into Partita values(6, 12, '2022-08-21 03:28:55', 1);
insert into Partita values(6, 12, '2021-08-27 23:32:14', 4);
insert into Partita values(6, 12, '2022-02-22 14:44:17', 4);
insert into Partita values(6, 14, '2022-06-26 15:51:49', 3);
insert into Partita values(6, 14, '2021-06-19 14:52:23', 2);
insert into Preferenza values(6, 14);
insert into Piano(id, id_usr, tipologia, data_acquisto, ora_acquisto) values(19, 7, 'Gratuito', '2021-05-01', '21:59:15');
insert into Piano(id, id_usr, tipologia, data_acquisto, ora_acquisto) values(20, 7, 'Mensile', '2021-06-01', '13:54:16');
insert into Partita values(7, 1, '2021-06-24 07:33:33', 2);
insert into Partita values(7, 1, '2021-06-29 04:51:59', 3);
insert into Partita values(7, 1, '2021-06-05 16:38:19', 4);
insert into Partita values(7, 1, '2021-05-24 04:02:25', 2);
insert into Partita values(7, 1, '2021-06-20 18:39:44', 4);
insert into Partita values(7, 1, '2021-05-08 10:05:16', 1);
insert into Partita values(7, 1, '2021-05-18 16:24:13', 2);
insert into Partita values(7, 1, '2021-06-22 08:41:37', 3);
insert into Partita values(7, 4, '2021-05-28 21:34:15', 3);
insert into Partita values(7, 4, '2021-05-24 07:53:27', 2);
insert into Partita values(7, 4, '2021-06-01 12:26:29', 3);
insert into Partita values(7, 4, '2021-06-30 23:54:19', 1);
insert into Preferenza values(7, 4);
insert into Partita values(7, 5, '2021-05-23 04:59:58', 2);
insert into Partita values(7, 5, '2021-05-17 07:42:42', 2);
insert into Partita values(7, 6, '2021-05-17 05:20:05', 4);
insert into Partita values(7, 6, '2021-06-25 21:50:56', 1);
insert into Partita values(7, 6, '2021-05-15 08:02:02', 3);
insert into Partita values(7, 6, '2021-05-12 15:20:09', 1);
insert into Partita values(7, 6, '2021-05-31 23:02:29', 3);
insert into Partita values(7, 6, '2021-06-16 05:03:07', 1);
insert into Partita values(7, 6, '2021-06-26 06:29:42', 1);
insert into Partita values(7, 6, '2021-06-01 18:03:18', 4);
insert into Partita values(7, 6, '2021-06-09 14:08:27', 1);
insert into Partita values(7, 8, '2021-06-01 02:49:47', 3);
insert into Partita values(7, 8, '2021-05-22 21:24:26', 4);
insert into Preferenza values(7, 8);
insert into Partita values(7, 9, '2021-05-26 18:05:43', 4);
insert into Preferenza values(7, 9);
insert into Partita values(7, 11, '2021-05-19 02:03:39', 3);
insert into Partita values(7, 11, '2021-06-19 21:43:09', 3);
insert into Partita values(7, 11, '2021-05-07 09:50:23', 1);
insert into Partita values(7, 11, '2021-06-18 08:36:12', 3);
insert into Partita values(7, 11, '2021-05-06 15:51:37', 4);
insert into Partita values(7, 11, '2021-05-19 06:46:38', 3);
insert into Partita values(7, 11, '2021-06-02 23:25:05', 4);
insert into Preferenza values(7, 11);
insert into Partita values(7, 12, '2021-06-21 17:02:20', 1);
insert into Partita values(7, 12, '2021-06-23 06:20:59', 4);
insert into Partita values(7, 12, '2021-05-31 23:35:22', 1);
insert into Partita values(7, 12, '2021-06-29 11:51:27', 3);
insert into Partita values(7, 12, '2021-06-13 03:15:14', 3);
insert into Partita values(7, 12, '2021-06-01 19:21:07', 1);
insert into Preferenza values(7, 12);
insert into Partita values(7, 14, '2021-05-29 15:37:56', 4);
insert into Partita values(7, 14, '2021-05-18 12:02:09', 2);
insert into Partita values(7, 14, '2021-06-24 23:39:03', 1);
insert into Partita values(7, 14, '2021-05-08 08:03:41', 4);
insert into Partita values(7, 14, '2021-05-24 21:53:16', 2);
insert into Partita values(7, 14, '2021-06-11 20:48:28', 1);
insert into Preferenza values(7, 14);
insert into Piano(id, id_usr, tipologia, data_acquisto, ora_acquisto) values(21, 8, 'Gratuito', '2021-02-15', '20:42:10');
insert into Piano(id, id_usr, tipologia, data_acquisto, ora_acquisto) values(22, 8, 'Annuale', '2021-03-15', '01:40:48');
insert into PianoCancellato values(22, '2021-04-06', '17:30:17');
insert into Partita values(8, 1, '2021-03-15 19:06:27', 4);
insert into Partita values(8, 1, '2021-03-26 09:06:33', 4);
insert into Partita values(8, 1, '2021-03-28 14:30:01', 3);
insert into Partita values(8, 1, '2021-02-17 23:53:00', 4);
insert into Partita values(8, 1, '2021-03-14 10:30:41', 3);
insert into Partita values(8, 1, '2021-03-22 22:25:59', 3);
insert into Partita values(8, 1, '2021-03-20 18:48:15', 4);
insert into Partita values(8, 1, '2021-02-23 03:19:51', 3);
insert into Partita values(8, 1, '2021-02-23 18:42:02', 2);
insert into Partita values(8, 3, '2021-03-19 14:38:01', 1);
insert into Partita values(8, 3, '2021-03-24 12:08:28', 3);
insert into Partita values(8, 3, '2021-03-22 00:36:39', 3);
insert into Partita values(8, 3, '2021-03-01 22:27:55', 3);
insert into Partita values(8, 4, '2021-02-18 19:03:14', 1);
insert into Partita values(8, 4, '2021-03-29 10:05:35', 2);
insert into Partita values(8, 4, '2021-03-26 01:58:30', 1);
insert into Partita values(8, 4, '2021-03-18 09:14:28', 4);
insert into Partita values(8, 4, '2021-03-31 11:46:10', 2);
insert into Partita values(8, 4, '2021-03-20 22:00:33', 3);
insert into Partita values(8, 4, '2021-02-24 21:45:33', 3);
insert into Partita values(8, 5, '2021-03-02 00:38:34', 2);
insert into Partita values(8, 5, '2021-03-14 03:26:14', 1);
insert into Partita values(8, 5, '2021-03-02 05:15:01', 3);
insert into Partita values(8, 5, '2021-03-28 01:22:43', 4);
insert into Preferenza values(8, 5);
insert into Partita values(8, 6, '2021-02-28 20:54:47', 4);
insert into Preferenza values(8, 6);
insert into Partita values(8, 8, '2021-03-07 18:31:50', 1);
insert into Partita values(8, 8, '2021-02-22 22:18:02', 3);
insert into Partita values(8, 8, '2021-03-16 19:46:14', 2);
insert into Partita values(8, 8, '2021-03-26 22:50:14', 3);
insert into Partita values(8, 8, '2021-03-20 05:05:33', 3);
insert into Partita values(8, 8, '2021-02-25 07:06:00', 3);
insert into Partita values(8, 8, '2021-02-26 08:01:25', 1);
insert into Partita values(8, 8, '2021-03-07 17:29:05', 1);
insert into Preferenza values(8, 8);
insert into Partita values(8, 11, '2021-02-22 17:51:03', 1);
insert into Partita values(8, 11, '2021-04-01 10:01:26', 2);
insert into Partita values(8, 11, '2021-03-05 14:47:45', 2);
insert into Partita values(8, 11, '2021-03-13 06:10:34', 2);
insert into Partita values(8, 11, '2021-02-17 19:32:11', 3);
insert into Partita values(8, 11, '2021-02-19 05:55:01', 1);
insert into Partita values(8, 12, '2021-04-01 19:54:51', 2);
insert into Partita values(8, 12, '2021-03-25 23:08:29', 4);
insert into Partita values(8, 12, '2021-03-13 18:54:14', 4);
insert into Partita values(8, 12, '2021-03-30 01:24:24', 2);
insert into Partita values(8, 12, '2021-02-23 18:49:13', 4);
insert into Partita values(8, 12, '2021-02-24 20:30:12', 2);
insert into Partita values(8, 12, '2021-03-07 12:35:27', 2);
insert into Partita values(8, 12, '2021-03-06 16:42:14', 2);
insert into Partita values(8, 12, '2021-03-26 15:23:20', 3);
insert into Partita values(8, 13, '2021-03-01 16:32:14', 2);
insert into Partita values(8, 13, '2021-02-23 20:45:23', 4);
insert into Partita values(8, 13, '2021-02-22 19:39:44', 3);
insert into Partita values(8, 13, '2021-02-25 19:16:11', 3);
insert into Partita values(8, 13, '2021-03-24 21:14:08', 4);
insert into Partita values(8, 13, '2021-03-11 18:31:02', 4);
insert into Partita values(8, 13, '2021-03-12 21:04:21', 4);
insert into Partita values(8, 14, '2021-03-10 22:22:28', 3);
insert into Partita values(8, 14, '2021-02-23 05:59:41', 4);
insert into Partita values(8, 14, '2021-03-20 20:33:53', 2);
insert into Partita values(8, 14, '2021-03-01 07:39:29', 2);
insert into Partita values(8, 14, '2021-02-19 16:05:59', 4);
insert into Partita values(8, 14, '2021-03-02 13:47:07', 2);
insert into Piano(id, id_usr, tipologia, data_acquisto, ora_acquisto) values(23, 9, 'Gratuito', '2021-03-21', '04:28:08');
insert into Piano(id, id_usr, tipologia, data_acquisto, ora_acquisto) values(24, 9, 'Annuale', '2021-04-21', '10:54:56');
insert into PianoCancellato values(24, '2021-05-01', '18:22:57');
insert into Piano(id, id_usr, tipologia, data_acquisto, ora_acquisto) values(25, 9, 'Mensile', '2021-05-01', '06:52:52');
insert into Partita values(9, 1, '2021-05-17 02:44:09', 3);
insert into Partita values(9, 1, '2021-04-11 02:57:37', 3);
insert into Partita values(9, 1, '2021-05-19 19:39:41', 3);
insert into Preferenza values(9, 1);
insert into Partita values(9, 3, '2021-04-05 01:50:18', 3);
insert into Partita values(9, 3, '2021-05-12 14:06:51', 3);
insert into Partita values(9, 3, '2021-05-12 23:37:23', 1);
insert into Partita values(9, 3, '2021-05-30 20:12:14', 4);
insert into Partita values(9, 3, '2021-04-25 03:52:29', 4);
insert into Partita values(9, 3, '2021-04-29 05:26:12', 2);
insert into Partita values(9, 3, '2021-05-10 01:16:04', 2);
insert into Preferenza values(9, 3);
insert into Partita values(9, 5, '2021-03-21 09:57:57', 4);
insert into Partita values(9, 5, '2021-05-25 20:45:44', 1);
insert into Partita values(9, 5, '2021-04-08 05:56:53', 1);
insert into Partita values(9, 5, '2021-04-08 21:30:30', 1);
insert into Partita values(9, 5, '2021-04-09 13:44:43', 2);
insert into Partita values(9, 5, '2021-04-27 12:37:36', 2);
insert into Partita values(9, 5, '2021-03-28 00:03:13', 1);
insert into Partita values(9, 5, '2021-04-21 20:56:47', 4);
insert into Preferenza values(9, 5);
insert into Partita values(9, 6, '2021-05-28 18:51:51', 1);
insert into Partita values(9, 6, '2021-04-21 23:38:15', 4);
insert into Partita values(9, 6, '2021-04-23 01:19:16', 3);
insert into Partita values(9, 6, '2021-04-11 17:17:23', 2);
insert into Partita values(9, 6, '2021-05-19 01:01:25', 1);
insert into Preferenza values(9, 6);
insert into Partita values(9, 7, '2021-05-07 14:40:30', 1);
insert into Partita values(9, 7, '2021-04-08 06:08:06', 1);
insert into Partita values(9, 7, '2021-04-16 17:51:59', 4);
insert into Preferenza values(9, 7);
insert into Partita values(9, 8, '2021-03-29 03:19:11', 4);
insert into Partita values(9, 8, '2021-04-25 03:28:25', 1);
insert into Partita values(9, 8, '2021-04-20 10:08:59', 3);
insert into Partita values(9, 11, '2021-04-30 08:10:34', 3);
insert into Partita values(9, 11, '2021-05-09 04:48:45', 3);
insert into Partita values(9, 11, '2021-04-14 02:29:27', 2);
insert into Partita values(9, 11, '2021-04-16 17:48:05', 4);
insert into Partita values(9, 13, '2021-05-08 18:33:54', 3);
insert into Partita values(9, 13, '2021-03-29 20:20:52', 2);
insert into Partita values(9, 13, '2021-05-10 17:27:39', 2);
insert into Partita values(9, 14, '2021-05-23 21:26:02', 3);
insert into Partita values(9, 14, '2021-05-06 06:52:00', 1);
insert into Preferenza values(9, 14);
insert into Piano(id, id_usr, tipologia, data_acquisto, ora_acquisto) values(26, 10, 'Gratuito', '2021-03-29', '08:01:55');
insert into Piano(id, id_usr, tipologia, data_acquisto, ora_acquisto) values(27, 10, 'Mensile', '2021-04-29', '18:22:19');
insert into Partita values(10, 1, '2021-05-07 00:19:24', 1);
insert into Partita values(10, 1, '2021-04-29 20:45:06', 4);
insert into Partita values(10, 1, '2021-04-26 14:07:29', 3);
insert into Partita values(10, 1, '2021-04-29 04:01:19', 2);
insert into Partita values(10, 1, '2021-05-23 12:29:35', 2);
insert into Partita values(10, 1, '2021-04-21 14:08:10', 3);
insert into Partita values(10, 1, '2021-05-21 19:21:14', 4);
insert into Partita values(10, 1, '2021-05-08 11:15:53', 2);
insert into Preferenza values(10, 1);
insert into Partita values(10, 2, '2021-05-07 02:28:18', 3);
insert into Partita values(10, 2, '2021-04-03 13:10:42', 1);
insert into Partita values(10, 2, '2021-05-19 07:35:55', 4);
insert into Partita values(10, 2, '2021-05-12 21:35:21', 2);
insert into Partita values(10, 2, '2021-04-02 15:32:56', 3);
insert into Preferenza values(10, 2);
insert into Partita values(10, 3, '2021-05-26 08:28:40', 2);
insert into Partita values(10, 3, '2021-04-04 08:39:29', 3);
insert into Partita values(10, 3, '2021-05-26 12:11:48', 3);
insert into Partita values(10, 3, '2021-04-25 03:25:45', 2);
insert into Partita values(10, 3, '2021-04-17 17:53:35', 4);
insert into Partita values(10, 3, '2021-04-16 10:50:52', 2);
insert into Partita values(10, 3, '2021-05-05 21:34:54', 2);
insert into Partita values(10, 3, '2021-04-08 07:36:18', 2);
insert into Partita values(10, 3, '2021-05-15 03:24:30', 1);
insert into Partita values(10, 3, '2021-05-17 02:05:13', 4);
insert into Preferenza values(10, 3);
insert into Partita values(10, 5, '2021-04-14 08:05:01', 3);
insert into Partita values(10, 5, '2021-04-29 08:14:02', 2);
insert into Partita values(10, 5, '2021-05-12 17:54:03', 4);
insert into Partita values(10, 5, '2021-05-13 13:15:41', 3);
insert into Partita values(10, 5, '2021-04-20 13:51:41', 2);
insert into Partita values(10, 6, '2021-05-13 06:29:01', 3);
insert into Partita values(10, 6, '2021-03-31 18:33:56', 3);
insert into Partita values(10, 7, '2021-04-12 21:55:59', 1);
insert into Partita values(10, 7, '2021-05-02 05:34:51', 2);
insert into Partita values(10, 7, '2021-03-31 00:28:34', 2);
insert into Partita values(10, 7, '2021-05-13 15:51:56', 4);
insert into Partita values(10, 7, '2021-05-05 05:01:04', 3);
insert into Partita values(10, 7, '2021-03-30 08:36:59', 4);
insert into Partita values(10, 7, '2021-04-20 18:56:25', 3);
insert into Partita values(10, 7, '2021-05-02 05:48:58', 1);
insert into Partita values(10, 7, '2021-05-14 17:04:46', 2);
insert into Preferenza values(10, 7);
insert into Partita values(10, 8, '2021-04-11 01:26:05', 1);
insert into Partita values(10, 8, '2021-04-28 01:30:35', 2);
insert into Partita values(10, 8, '2021-05-28 18:08:22', 3);
insert into Partita values(10, 8, '2021-04-19 04:38:42', 1);
insert into Preferenza values(10, 8);
insert into Partita values(10, 11, '2021-05-28 08:26:40', 1);
insert into Partita values(10, 11, '2021-05-28 04:32:37', 4);
insert into Partita values(10, 11, '2021-04-13 19:48:07', 1);
insert into Partita values(10, 11, '2021-04-04 05:53:21', 2);
insert into Partita values(10, 11, '2021-05-18 12:36:00', 4);
insert into Partita values(10, 11, '2021-04-26 18:43:21', 2);
insert into Partita values(10, 11, '2021-05-21 08:16:40', 4);
insert into Partita values(10, 12, '2021-04-21 15:05:40', 4);
insert into Preferenza values(10, 12);
insert into Partita values(10, 13, '2021-04-26 13:46:23', 1);
insert into Partita values(10, 13, '2021-05-25 02:06:49', 2);
insert into Partita values(10, 13, '2021-05-24 08:49:36', 4);
insert into Preferenza values(10, 13);
insert into Partita values(10, 14, '2021-04-25 17:24:11', 3);
insert into Preferenza values(10, 14);
insert into Piano(id, id_usr, tipologia, data_acquisto, ora_acquisto) values(28, 11, 'Gratuito', '2021-05-11', '19:11:33');
insert into Piano(id, id_usr, tipologia, data_acquisto, ora_acquisto) values(29, 11, 'Annuale', '2021-06-11', '18:52:21');
insert into PianoCancellato values(29, '2021-06-20', '20:44:49');
insert into Partita values(11, 1, '2021-05-12 10:18:50', 1);
insert into Preferenza values(11, 1);
insert into Partita values(11, 5, '2021-05-21 07:32:57', 4);
insert into Partita values(11, 5, '2021-05-29 21:57:24', 2);
insert into Partita values(11, 5, '2021-05-25 00:06:52', 3);
insert into Partita values(11, 5, '2021-05-27 14:47:51', 2);
insert into Partita values(11, 5, '2021-05-26 07:43:18', 2);
insert into Partita values(11, 5, '2021-05-19 05:19:18', 2);
insert into Partita values(11, 5, '2021-05-29 08:58:24', 4);
insert into Partita values(11, 6, '2021-06-04 10:51:26', 2);
insert into Partita values(11, 6, '2021-06-12 23:07:57', 2);
insert into Partita values(11, 6, '2021-05-28 06:36:26', 4);
insert into Partita values(11, 6, '2021-05-13 06:19:32', 1);
insert into Partita values(11, 6, '2021-05-29 15:02:06', 2);
insert into Partita values(11, 8, '2021-05-30 02:55:58', 2);
insert into Partita values(11, 11, '2021-05-25 02:28:22', 4);
insert into Partita values(11, 11, '2021-06-06 08:46:54', 3);
insert into Partita values(11, 11, '2021-05-25 13:33:51', 4);
insert into Partita values(11, 12, '2021-05-12 05:08:03', 2);
insert into Partita values(11, 12, '2021-05-13 02:04:26', 3);
insert into Preferenza values(11, 12);
insert into Partita values(11, 13, '2021-06-06 21:09:33', 1);
insert into Partita values(11, 13, '2021-06-17 23:29:18', 1);
insert into Partita values(11, 13, '2021-05-13 06:28:14', 2);
insert into Partita values(11, 13, '2021-05-12 01:33:01', 1);
insert into Partita values(11, 13, '2021-06-08 21:04:36', 1);
insert into Partita values(11, 13, '2021-05-29 06:24:19', 3);
insert into Partita values(11, 13, '2021-05-15 10:54:11', 4);
insert into Partita values(11, 13, '2021-06-11 23:04:02', 2);
insert into Partita values(11, 14, '2021-06-06 22:00:59', 2);
insert into Partita values(11, 14, '2021-06-18 13:59:41', 3);
insert into Partita values(11, 14, '2021-05-26 15:15:14', 1);
insert into Partita values(11, 14, '2021-05-18 06:09:52', 1);
insert into Partita values(11, 14, '2021-05-22 18:30:13', 2);
insert into Sessione(id, id_vg, id_creatore, data, tempo_trascorso) values(12, 1, 1, '2021-02-05', 1);
insert into Partecipazione(id_usr, id_session) values(1, 12);
insert into Partecipazione(id_usr, id_session) values(2, 12);
insert into Sessione(id, id_vg, id_creatore, data, tempo_trascorso) values(17, 5, 10, '2021-05-14', 2);
insert into Partecipazione(id_usr, id_session) values(4, 17);
insert into Partecipazione(id_usr, id_session) values(7, 17);
insert into Partecipazione(id_usr, id_session) values(9, 17);
insert into Partecipazione(id_usr, id_session) values(10, 17);
insert into Partecipazione(id_usr, id_session) values(11, 17);
insert into Sessione(id, id_vg, id_creatore, data, tempo_trascorso) values(22, 5, 3, '2021-06-18', 2);
insert into Partecipazione(id_usr, id_session) values(3, 22);
insert into Partecipazione(id_usr, id_session) values(5, 22);
insert into Partecipazione(id_usr, id_session) values(6, 22);
insert into Partecipazione(id_usr, id_session) values(7, 22);
insert into Partecipazione(id_usr, id_session) values(11, 22);
insert into Sessione(id, id_vg, id_creatore, data, tempo_trascorso) values(23, 5, 10, '2021-05-25', 4);
insert into Partecipazione(id_usr, id_session) values(6, 23);
insert into Partecipazione(id_usr, id_session) values(7, 23);
insert into Partecipazione(id_usr, id_session) values(9, 23);
insert into Partecipazione(id_usr, id_session) values(10, 23);
insert into Partecipazione(id_usr, id_session) values(11, 23);
insert into Sessione(id, id_vg, id_creatore, data, tempo_trascorso) values(24, 5, 7, '2021-06-09', 4);
insert into Partecipazione(id_usr, id_session) values(3, 24);
insert into Partecipazione(id_usr, id_session) values(5, 24);
insert into Partecipazione(id_usr, id_session) values(6, 24);
insert into Partecipazione(id_usr, id_session) values(7, 24);
insert into Partecipazione(id_usr, id_session) values(11, 24);
insert into Sessione(id, id_vg, id_creatore, data, tempo_trascorso) values(27, 5, 1, '2021-03-14', 4);
insert into Partecipazione(id_usr, id_session) values(1, 27);
insert into Partecipazione(id_usr, id_session) values(2, 27);
insert into Partecipazione(id_usr, id_session) values(4, 27);
insert into Partecipazione(id_usr, id_session) values(8, 27);
insert into Sessione(id, id_vg, id_creatore, data, tempo_trascorso) values(30, 5, 8, '2021-03-27', 4);
insert into Partecipazione(id_usr, id_session) values(1, 30);
insert into Partecipazione(id_usr, id_session) values(4, 30);
insert into Partecipazione(id_usr, id_session) values(8, 30);
insert into Partecipazione(id_usr, id_session) values(9, 30);
insert into Sessione(id, id_vg, id_creatore, data, tempo_trascorso) values(31, 5, 5, '2021-06-19', 1);
insert into Partecipazione(id_usr, id_session) values(3, 31);
insert into Partecipazione(id_usr, id_session) values(5, 31);
insert into Partecipazione(id_usr, id_session) values(6, 31);
insert into Partecipazione(id_usr, id_session) values(7, 31);
insert into Partecipazione(id_usr, id_session) values(11, 31);
insert into Sessione(id, id_vg, id_creatore, data, tempo_trascorso) values(33, 8, 8, '2021-03-11', 2);
insert into Partecipazione(id_usr, id_session) values(1, 33);
insert into Partecipazione(id_usr, id_session) values(2, 33);
insert into Partecipazione(id_usr, id_session) values(4, 33);
insert into Partecipazione(id_usr, id_session) values(8, 33);
insert into Sessione(id, id_vg, id_creatore, data, tempo_trascorso) values(34, 8, 4, '2021-03-17', 4);
insert into Partecipazione(id_usr, id_session) values(1, 34);
insert into Partecipazione(id_usr, id_session) values(4, 34);
insert into Partecipazione(id_usr, id_session) values(8, 34);
insert into Sessione(id, id_vg, id_creatore, data, tempo_trascorso) values(37, 8, 10, '2021-05-02', 4);
insert into Partecipazione(id_usr, id_session) values(4, 37);
insert into Partecipazione(id_usr, id_session) values(7, 37);
insert into Partecipazione(id_usr, id_session) values(9, 37);
insert into Partecipazione(id_usr, id_session) values(10, 37);
insert into Sessione(id, id_vg, id_creatore, data, tempo_trascorso) values(38, 8, 7, '2021-05-29', 3);
insert into Partecipazione(id_usr, id_session) values(6, 38);
insert into Partecipazione(id_usr, id_session) values(7, 38);
insert into Partecipazione(id_usr, id_session) values(9, 38);
insert into Partecipazione(id_usr, id_session) values(11, 38);
insert into Sessione(id, id_vg, id_creatore, data, tempo_trascorso) values(39, 8, 2, '2021-02-11', 3);
insert into Partecipazione(id_usr, id_session) values(1, 39);
insert into Partecipazione(id_usr, id_session) values(2, 39);
insert into Sessione(id, id_vg, id_creatore, data, tempo_trascorso) values(42, 8, 1, '2021-02-02', 4);
insert into Partecipazione(id_usr, id_session) values(1, 42);
insert into Partecipazione(id_usr, id_session) values(2, 42);
insert into Sessione(id, id_vg, id_creatore, data, tempo_trascorso) values(43, 8, 8, '2021-02-18', 3);
insert into Partecipazione(id_usr, id_session) values(1, 43);
insert into Partecipazione(id_usr, id_session) values(2, 43);
insert into Partecipazione(id_usr, id_session) values(8, 43);
insert into Sessione(id, id_vg, id_creatore, data, tempo_trascorso) values(44, 8, 10, '2021-05-18', 4);
insert into Partecipazione(id_usr, id_session) values(7, 44);
insert into Partecipazione(id_usr, id_session) values(9, 44);
insert into Partecipazione(id_usr, id_session) values(10, 44);
insert into Partecipazione(id_usr, id_session) values(11, 44);
insert into Sessione(id, id_vg, id_creatore, data, tempo_trascorso) values(45, 8, 9, '2021-05-22', 2);
insert into Partecipazione(id_usr, id_session) values(7, 45);
insert into Partecipazione(id_usr, id_session) values(9, 45);
insert into Partecipazione(id_usr, id_session) values(10, 45);
insert into Partecipazione(id_usr, id_session) values(11, 45);
insert into Sessione(id, id_vg, id_creatore, data, tempo_trascorso) values(49, 8, 4, '2021-03-02', 1);
insert into Partecipazione(id_usr, id_session) values(1, 49);
insert into Partecipazione(id_usr, id_session) values(2, 49);
insert into Partecipazione(id_usr, id_session) values(4, 49);
insert into Partecipazione(id_usr, id_session) values(8, 49);
insert into Sessione(id, id_vg, id_creatore, data, tempo_trascorso) values(51, 8, 8, '2021-02-22', 4);
insert into Partecipazione(id_usr, id_session) values(1, 51);
insert into Partecipazione(id_usr, id_session) values(2, 51);
insert into Partecipazione(id_usr, id_session) values(8, 51);
insert into Sessione(id, id_vg, id_creatore, data, tempo_trascorso) values(52, 11, 10, '2021-04-02', 1);
insert into Partecipazione(id_usr, id_session) values(1, 52);
insert into Partecipazione(id_usr, id_session) values(4, 52);
insert into Partecipazione(id_usr, id_session) values(8, 52);
insert into Partecipazione(id_usr, id_session) values(9, 52);
insert into Partecipazione(id_usr, id_session) values(10, 52);
insert into Sessione(id, id_vg, id_creatore, data, tempo_trascorso) values(53, 11, 10, '2021-04-16', 2);
insert into Partecipazione(id_usr, id_session) values(1, 53);
insert into Partecipazione(id_usr, id_session) values(4, 53);
insert into Partecipazione(id_usr, id_session) values(9, 53);
insert into Partecipazione(id_usr, id_session) values(10, 53);
insert into Sessione(id, id_vg, id_creatore, data, tempo_trascorso) values(54, 11, 6, '2021-06-19', 2);
insert into Partecipazione(id_usr, id_session) values(3, 54);
insert into Partecipazione(id_usr, id_session) values(5, 54);
insert into Partecipazione(id_usr, id_session) values(6, 54);
insert into Partecipazione(id_usr, id_session) values(7, 54);
insert into Partecipazione(id_usr, id_session) values(11, 54);
insert into Sessione(id, id_vg, id_creatore, data, tempo_trascorso) values(55, 11, 8, '2021-03-24', 4);
insert into Partecipazione(id_usr, id_session) values(1, 55);
insert into Partecipazione(id_usr, id_session) values(4, 55);
insert into Partecipazione(id_usr, id_session) values(8, 55);
insert into Partecipazione(id_usr, id_session) values(9, 55);
insert into Sessione(id, id_vg, id_creatore, data, tempo_trascorso) values(56, 11, 1, '2021-03-18', 2);
insert into Partecipazione(id_usr, id_session) values(1, 56);
insert into Partecipazione(id_usr, id_session) values(4, 56);
insert into Partecipazione(id_usr, id_session) values(8, 56);
insert into Sessione(id, id_vg, id_creatore, data, tempo_trascorso) values(57, 11, 6, '2021-05-30', 4);
insert into Partecipazione(id_usr, id_session) values(6, 57);
insert into Partecipazione(id_usr, id_session) values(7, 57);
insert into Partecipazione(id_usr, id_session) values(9, 57);
insert into Partecipazione(id_usr, id_session) values(11, 57);
insert into Sessione(id, id_vg, id_creatore, data, tempo_trascorso) values(58, 11, 11, '2021-06-19', 2);
insert into Partecipazione(id_usr, id_session) values(3, 58);
insert into Partecipazione(id_usr, id_session) values(5, 58);
insert into Partecipazione(id_usr, id_session) values(6, 58);
insert into Partecipazione(id_usr, id_session) values(7, 58);
insert into Partecipazione(id_usr, id_session) values(11, 58);
insert into Sessione(id, id_vg, id_creatore, data, tempo_trascorso) values(59, 11, 7, '2021-06-06', 3);
insert into Partecipazione(id_usr, id_session) values(6, 59);
insert into Partecipazione(id_usr, id_session) values(7, 59);
insert into Partecipazione(id_usr, id_session) values(11, 59);
insert into Sessione(id, id_vg, id_creatore, data, tempo_trascorso) values(60, 11, 1, '2021-03-26', 2);
insert into Partecipazione(id_usr, id_session) values(1, 60);
insert into Partecipazione(id_usr, id_session) values(4, 60);
insert into Partecipazione(id_usr, id_session) values(8, 60);
insert into Partecipazione(id_usr, id_session) values(9, 60);
insert into Sessione(id, id_vg, id_creatore, data, tempo_trascorso) values(64, 11, 1, '2021-03-21', 3);
insert into Partecipazione(id_usr, id_session) values(1, 64);
insert into Partecipazione(id_usr, id_session) values(4, 64);
insert into Partecipazione(id_usr, id_session) values(8, 64);
insert into Sessione(id, id_vg, id_creatore, data, tempo_trascorso) values(65, 11, 10, '2021-04-17', 1);
insert into Partecipazione(id_usr, id_session) values(1, 65);
insert into Partecipazione(id_usr, id_session) values(4, 65);
insert into Partecipazione(id_usr, id_session) values(9, 65);
insert into Partecipazione(id_usr, id_session) values(10, 65);
insert into Sessione(id, id_vg, id_creatore, data, tempo_trascorso) values(66, 11, 4, '2021-04-14', 3);
insert into Partecipazione(id_usr, id_session) values(1, 66);
insert into Partecipazione(id_usr, id_session) values(4, 66);
insert into Partecipazione(id_usr, id_session) values(9, 66);
insert into Partecipazione(id_usr, id_session) values(10, 66);
insert into Sessione(id, id_vg, id_creatore, data, tempo_trascorso) values(67, 11, 5, '2021-06-21', 2);
insert into Partecipazione(id_usr, id_session) values(3, 67);
insert into Partecipazione(id_usr, id_session) values(5, 67);
insert into Partecipazione(id_usr, id_session) values(6, 67);
insert into Partecipazione(id_usr, id_session) values(7, 67);
insert into Sessione(id, id_vg, id_creatore, data, tempo_trascorso) values(68, 14, 10, '2021-05-25', 4);
insert into Partecipazione(id_usr, id_session) values(6, 68);
insert into Partecipazione(id_usr, id_session) values(7, 68);
insert into Partecipazione(id_usr, id_session) values(9, 68);
insert into Partecipazione(id_usr, id_session) values(10, 68);
insert into Partecipazione(id_usr, id_session) values(11, 68);
