create database if not exists onlineconsole;
use onlineconsole;

drop table if exists Acquisto;
drop table if exists CopiaVideogioco;
drop table if exists Partita;
drop table if exists Preferenza;
drop table if exists PianoCancellato;
drop table if exists Piano;
drop table if exists TipologiaPiano;
drop table if exists Partecipazione;
drop table if exists Sessione;
drop table if exists VideogiocoMultiplayer;
drop table if exists Utente;
drop table if exists Videogioco;

create table Utente (
    id              int                 primary key auto_increment,
    nome            varchar(255)        not null,
    cognome         varchar(255)        not null,
    password        varchar(255)        not null,
    email           varchar(255)        not null,
    telefono        int
);

create table Videogioco (
    id              int                 primary key auto_increment,
    titolo          varchar(255)        not null,
    genere          varchar(255),
    anno            year,
    azienda         varchar(255),
    produttore      varchar(255),
    prezzo          int
);

create table CopiaVideogioco (
    id              int                 primary key auto_increment,
    id_vg           int                 not null references Videogioco(id)
);

create table Acquisto (
    id_copia        int                 not null references CopiaVideogioco(id),
    id_usr          int                 not null references Utente(id),
    data_acquisto   date,
    ora_acquisto    time,
    unique (id_copia, id_usr)
);

create table Partita (
    id_usr          int                 not null references Utente(id),
    id_vg           int                 not null references Videogioco(id),
    data            date                not null,
    ora             time                not null,
    ore_gioco       int,
    unique (id_usr, id_vg, data, ora)
);

create table Preferenza (
    id_usr          int                 not null references Utente(id),
    id_vg           int                 not null references Videogioco(id),
    unique (id_usr, id_vg)
);

create table VideogiocoMultiplayer (
    id_vg           int                 primary key references Videogioco(id),
    min_giocatori   int                 default 1,
    max_giocatori   int
);

create table TipologiaPiano (
    tipologia       enum('Gratuito',
                         'Mensile',
                         'Annuale')     primary key,
    costo           int                 not null
);

create table Piano (
    id              int                 primary key auto_increment,
    id_usr          int                 not null references Utente(id),
    tipologia       enum('Gratuito',
                         'Mensile',
                         'Annuale')     not null references TipologiaPiano(tipologia),
    data_acquisto   date                not null,
    ora_acquisto    time                not null,
    data_fine       date                not null,
    ora_fine        time                not null
);

create table PianoCancellato (
    id              int                 primary key references Piano(id),
    data_canc       date                not null,
    ora_canc        time                not null
);

create table Sessione (
    id              int                 primary key auto_increment,
    id_vg           int                 not null references VideogiocoMultiplayer(id_vg),
    id_creatore     int                 not null references Utente(id),
    data            date,
    ora             time,
    tempo_trascorso int
);

create table Partecipazione (
    id_usr          int                 not null references Utente(id),
    id_session      int                 not null references Sessione(id),
    unique(id_usr, id_session)
);

create index ind_utente_id                  on Utente(id);
create index ind_vg_id                      on Videogioco(id);
create index ind_cv_id                      on CopiaVideogioco(id);
create index ind_vgm_id_vg                  on VideogiocoMultiplayer(id_vg);
create index ind_tipo_tipo                  on TipologiaPiano(tipologia);
create index ind_piano_id                   on Piano(id);
create index ind_piano_canc_id              on PianoCancellato(id);

create index indFK_cv_id_vg                 on CopiaVideogioco(id_vg);
create index indFK_acq_id_copia             on Acquisto(id_copia);
create index indFK_acq_id_usr               on Acquisto(id_usr);
create index indFK_partita_id_usr           on Partita(id_usr);
create index indFK_partita_id_vg            on Partita(id_vg);
create index indFK_preferenza_id_usr        on Preferenza(id_usr);
create index indFK_preferenza_id_vg         on Preferenza(id_vg);
create index indFK_piano_id_usr             on Piano(id_usr);
create index indFK_piano_tipologia          on Piano(tipologia);
create index indFK_sessione_id_vg           on Sessione(id_vg);
create index indFK_sessione_id_creatore     on Sessione(id_creatore);
create index indFK_part_id_usr              on Partecipazione(id_usr);
create index indFK_part_id_session          on Partecipazione(id_session);

insert into Utente(nome, cognome, password, email) values('Christian', 'Ricci', 'abc', 'chri@mail.com');
insert into Utente(nome, cognome, password, email) values('Roberto', 'Montalti', 'def', 'rob@mail.com');
insert into Utente(nome, cognome, password, email) values('Juri', 'Simoncini', 'ghi', 'juri@mail.com');
insert into Utente(nome, cognome, password, email) values('Edoardo', 'Savini', 'jkl', 'sedoardo98@mail.com');
insert into Utente(nome, cognome, password, email) values('Giacomo', 'Cavalieri', 'mno', 'giaccava@mail.com');
insert into Utente(nome, cognome, password, email) values('Chad', 'Smith', 'pqr', 'chad@mail.com');
insert into Utente(nome, cognome, password, email) values('Federico', 'Orazio', 'stu', 'orazio@mail.com');
insert into Utente(nome, cognome, password, email) values('Dario', 'Verdi', 'vwx', 'dario@mail.com');
insert into Utente(nome, cognome, password, email) values('Gianluca', 'Migliarini', 'yz', 'gianlu@mail.com');
insert into Utente(nome, cognome, password, email) values('Simone', 'Rega', 'abcdef', 'rega@mail.com');
insert into Utente(nome, cognome, password, email) values('Francesco', 'Tappi', 'ghijk', 'tappi@mail.com');

insert into Videogioco(titolo, genere, anno, azienda, produttore, prezzo) values('Super Mario World', 'Platformer', 1990, 'Nintendo', 'Shigeru Miyamoto', 30);
insert into Videogioco(titolo, genere, anno, azienda, produttore, prezzo) values('Touhou 6', 'Danmaku', 2002, 'Team Alice', 'ZUN', 20);
insert into Videogioco(titolo, genere, anno, azienda, produttore, prezzo) values('DOOM', 'FPS', 1993, 'id Software', 'John Carmack', 20);
insert into Videogioco(titolo, genere, anno, azienda, produttore, prezzo) values('EarthBound', 'JRPG', 1995, 'Nintendo', 'Shigesato Itoi', 30);
insert into Videogioco(titolo, genere, anno, azienda, produttore, prezzo) values('Overwatch', 'FPS', 2016, 'Blizzard', 'Jeff Kaplam', 60);
insert into Videogioco(titolo, genere, anno, azienda, produttore, prezzo) values('Genshin Impact', 'ARPG', 2020, 'miHoYo', NULL, 20);
insert into Videogioco(titolo, genere, anno, azienda, produttore, prezzo) values('Celeste', 'Platformer', 2018, 'Extremely OK Games', 'Maddy Thorson', 20);
insert into Videogioco(titolo, genere, anno, azienda, produttore, prezzo) values('Rocket League', 'Sport', 2015, 'Psyonix Studios', NULL, 30);
insert into Videogioco(titolo, genere, anno, azienda, produttore, prezzo) values('DOOM Eternal', 'FPS', 2020, 'id Software', 'Hugo Martin', 60);
insert into Videogioco(titolo, genere, anno, azienda, produttore, prezzo) values('Super Mario 64', 'Platformer', 1997, 'Nintendo', 'Shigeru Myamoto', 20);
insert into Videogioco(titolo, genere, anno, azienda, produttore, prezzo) values('Rainbow Six Siege', 'FPS', 2015, 'Ubisoft', 'Xavier Marquis', 60);
insert into Videogioco(titolo, genere, anno, azienda, produttore, prezzo) values('Final Fantasy VII', 'JRPG', 1997, 'Square', 'Yoshinori Kitase', 30);
insert into Videogioco(titolo, genere, anno, azienda, produttore, prezzo) values('Cave Story', 'Platformer', 2004, 'Nicalis', 'Pixel', 10);
insert into Videogioco(titolo, genere, anno, azienda, produttore, prezzo) values('KrunkerIO', 'FPS', 2015, NULL, NULL, NULL);

insert into VideogiocoMultiplayer values(1, 1, 2);
insert into VideogiocoMultiplayer values(5, 4, 10);
insert into VideogiocoMultiplayer values(6, 1, 3);
insert into VideogiocoMultiplayer values(8, 2, 4);
insert into VideogiocoMultiplayer values(11, 3, 10);
insert into VideogiocoMultiplayer values(14, 1, 10);

insert into TipologiaPiano values('Gratuito', 0);
insert into TipologiaPiano values('Mensile', 10);
insert into TipologiaPiano values('Annuale', 100);

insert into CopiaVideogioco values(1, 1);
insert into CopiaVideogioco values(2, 1);
insert into CopiaVideogioco values(3, 1);
insert into CopiaVideogioco values(4, 1);
insert into CopiaVideogioco values(5, 1);
insert into CopiaVideogioco values(6, 1);
insert into CopiaVideogioco values(7, 1);
insert into CopiaVideogioco values(8, 1);
insert into CopiaVideogioco values(9, 1);
insert into CopiaVideogioco values(10, 1);
insert into CopiaVideogioco values(11, 2);
insert into CopiaVideogioco values(12, 2);
insert into CopiaVideogioco values(13, 2);
insert into CopiaVideogioco values(14, 3);
insert into CopiaVideogioco values(15, 3);
insert into CopiaVideogioco values(16, 3);
insert into CopiaVideogioco values(17, 4);
insert into CopiaVideogioco values(18, 4);
insert into CopiaVideogioco values(19, 4);
insert into CopiaVideogioco values(20, 4);
insert into CopiaVideogioco values(21, 4);
insert into CopiaVideogioco values(22, 4);
insert into CopiaVideogioco values(23, 4);
insert into CopiaVideogioco values(24, 4);
insert into CopiaVideogioco values(25, 4);
insert into CopiaVideogioco values(26, 4);
insert into CopiaVideogioco values(27, 4);
insert into CopiaVideogioco values(28, 4);
insert into CopiaVideogioco values(29, 4);
insert into CopiaVideogioco values(30, 4);
insert into CopiaVideogioco values(31, 4);
insert into CopiaVideogioco values(32, 4);
insert into CopiaVideogioco values(33, 4);
insert into CopiaVideogioco values(34, 4);
insert into CopiaVideogioco values(35, 5);
insert into CopiaVideogioco values(36, 5);
insert into CopiaVideogioco values(37, 5);
insert into CopiaVideogioco values(38, 5);
insert into CopiaVideogioco values(39, 5);
insert into CopiaVideogioco values(40, 5);
insert into CopiaVideogioco values(41, 5);
insert into CopiaVideogioco values(42, 5);
insert into CopiaVideogioco values(43, 5);
insert into CopiaVideogioco values(44, 5);
insert into CopiaVideogioco values(45, 5);
insert into CopiaVideogioco values(46, 5);
insert into CopiaVideogioco values(47, 5);
insert into CopiaVideogioco values(48, 5);
insert into CopiaVideogioco values(49, 5);
insert into CopiaVideogioco values(50, 5);
insert into CopiaVideogioco values(51, 5);
insert into CopiaVideogioco values(52, 6);
insert into CopiaVideogioco values(53, 6);
insert into CopiaVideogioco values(54, 6);
insert into CopiaVideogioco values(55, 6);
insert into CopiaVideogioco values(56, 6);
insert into CopiaVideogioco values(57, 6);
insert into CopiaVideogioco values(58, 6);
insert into CopiaVideogioco values(59, 6);
insert into CopiaVideogioco values(60, 7);
insert into CopiaVideogioco values(61, 7);
insert into CopiaVideogioco values(62, 7);
insert into CopiaVideogioco values(63, 8);
insert into CopiaVideogioco values(64, 8);
insert into CopiaVideogioco values(65, 8);
insert into CopiaVideogioco values(66, 8);
insert into CopiaVideogioco values(67, 8);
insert into CopiaVideogioco values(68, 8);
insert into CopiaVideogioco values(69, 8);
insert into CopiaVideogioco values(70, 8);
insert into CopiaVideogioco values(71, 8);
insert into CopiaVideogioco values(72, 8);
insert into CopiaVideogioco values(73, 9);
insert into CopiaVideogioco values(74, 9);
insert into CopiaVideogioco values(75, 9);
insert into CopiaVideogioco values(76, 9);
insert into CopiaVideogioco values(77, 10);
insert into CopiaVideogioco values(78, 10);
insert into CopiaVideogioco values(79, 10);
insert into CopiaVideogioco values(80, 10);
insert into CopiaVideogioco values(81, 10);
insert into CopiaVideogioco values(82, 10);
insert into CopiaVideogioco values(83, 10);
insert into CopiaVideogioco values(84, 10);
insert into CopiaVideogioco values(85, 10);
insert into CopiaVideogioco values(86, 10);
insert into CopiaVideogioco values(87, 10);
insert into CopiaVideogioco values(88, 10);
insert into CopiaVideogioco values(89, 10);
insert into CopiaVideogioco values(90, 10);
insert into CopiaVideogioco values(91, 10);
insert into CopiaVideogioco values(92, 12);
insert into CopiaVideogioco values(93, 12);
insert into CopiaVideogioco values(94, 13);
insert into CopiaVideogioco values(95, 13);
insert into CopiaVideogioco values(96, 13);
insert into CopiaVideogioco values(97, 13);
insert into CopiaVideogioco values(98, 13);
insert into CopiaVideogioco values(99, 13);
insert into CopiaVideogioco values(100, 13);
insert into CopiaVideogioco values(101, 13);
insert into CopiaVideogioco values(102, 13);
insert into CopiaVideogioco values(103, 13);
insert into CopiaVideogioco values(104, 13);
insert into CopiaVideogioco values(105, 13);
insert into CopiaVideogioco values(106, 13);
insert into Piano(id, id_usr, tipologia, data_acquisto, ora_acquisto, data_fine, ora_fine) values(1, 1, 'Gratuito', '2020-09-29', '12:19:42', '2020-10-29', '11:57:43');
insert into Piano(id, id_usr, tipologia, data_acquisto, ora_acquisto, data_fine, ora_fine) values(2, 1, 'Annuale', '2020-10-29', '03:15:41', '2021-10-29', '19:59:20');
insert into PianoCancellato values(2, '2020-11-01', '10:24:19');
insert into Partita values(1, 1, '2020-10-31', '20:28:07', 3);
insert into Partita values(1, 1, '2020-10-12', '11:31:03', 4);
insert into Partita values(1, 1, '2020-10-25', '14:13:49', 1);
insert into Partita values(1, 1, '2020-10-23', '01:08:28', 1);
insert into Partita values(1, 1, '2020-10-13', '09:23:47', 3);
insert into Partita values(1, 1, '2020-10-05', '08:26:48', 3);
insert into Partita values(1, 1, '2020-10-20', '21:34:52', 2);
insert into Partita values(1, 1, '2020-10-02', '14:19:07', 4);
insert into Partita values(1, 1, '2020-10-23', '14:09:08', 4);
insert into Partita values(1, 1, '2020-10-26', '15:23:33', 4);
insert into Preferenza values(1, 1);
insert into Partita values(1, 5, '2020-10-04', '09:00:22', 4);
insert into Partita values(1, 5, '2020-10-05', '21:51:16', 2);
insert into Partita values(1, 5, '2020-10-23', '10:54:20', 1);
insert into Partita values(1, 5, '2020-10-18', '01:09:16', 3);
insert into Partita values(1, 5, '2020-10-08', '08:40:25', 2);
insert into Partita values(1, 5, '2020-10-19', '01:13:32', 3);
insert into Partita values(1, 5, '2020-10-06', '20:23:16', 3);
insert into Partita values(1, 5, '2020-10-15', '09:30:32', 3);
insert into Preferenza values(1, 5);
insert into Acquisto values(35, 1, '2020-10-16', '21:38:42');
insert into Partita values(1, 6, '2020-10-19', '19:07:35', 3);
insert into Partita values(1, 6, '2020-10-20', '13:27:01', 1);
insert into Partita values(1, 6, '2020-10-24', '16:30:25', 2);
insert into Partita values(1, 6, '2020-10-12', '10:48:30', 4);
insert into Partita values(1, 6, '2020-10-20', '15:37:20', 3);
insert into Acquisto values(52, 1, '2020-10-27', '18:10:45');
insert into Partita values(1, 8, '2020-10-07', '12:15:56', 4);
insert into Partita values(1, 8, '2020-10-14', '11:11:57', 2);
insert into Partita values(1, 8, '2020-10-19', '00:26:23', 3);
insert into Partita values(1, 8, '2020-10-30', '15:53:45', 4);
insert into Partita values(1, 8, '2020-10-22', '17:37:45', 4);
insert into Partita values(1, 8, '2020-10-10', '09:40:37', 1);
insert into Partita values(1, 8, '2020-09-29', '16:49:59', 4);
insert into Partita values(1, 8, '2020-10-07', '03:52:36', 2);
insert into Partita values(1, 8, '2020-10-30', '12:18:32', 1);
insert into Partita values(1, 8, '2020-10-26', '19:59:57', 3);
insert into Acquisto values(63, 1, '2020-10-20', '16:31:06');
insert into Partita values(1, 11, '2020-10-30', '01:28:45', 2);
insert into Partita values(1, 11, '2020-10-13', '08:05:39', 4);
insert into Preferenza values(1, 11);
insert into Partita values(1, 13, '2020-10-08', '06:57:47', 2);
insert into Partita values(1, 13, '2020-10-01', '13:48:45', 1);
insert into Partita values(1, 13, '2020-10-20', '10:51:33', 3);
insert into Partita values(1, 13, '2020-11-01', '14:38:14', 1);
insert into Partita values(1, 13, '2020-10-19', '06:12:21', 2);
insert into Partita values(1, 13, '2020-10-05', '04:53:28', 3);
insert into Preferenza values(1, 13);
insert into Partita values(1, 14, '2020-10-17', '02:56:45', 1);
insert into Partita values(1, 14, '2020-10-27', '14:34:22', 2);
insert into Partita values(1, 14, '2020-10-26', '21:19:09', 2);
insert into Partita values(1, 14, '2020-10-25', '14:48:19', 1);
insert into Partita values(1, 14, '2020-11-01', '04:09:53', 2);
insert into Partita values(1, 14, '2020-10-04', '19:02:56', 3);
insert into Partita values(1, 14, '2020-10-24', '08:28:38', 1);
insert into Partita values(1, 14, '2020-10-28', '07:29:36', 1);
insert into Piano(id, id_usr, tipologia, data_acquisto, ora_acquisto, data_fine, ora_fine) values(3, 2, 'Gratuito', '2020-08-01', '14:35:44', '2020-09-01', '16:30:04');
insert into Piano(id, id_usr, tipologia, data_acquisto, ora_acquisto, data_fine, ora_fine) values(4, 2, 'Mensile', '2020-09-01', '02:03:45', '2020-10-01', '09:23:04');
insert into Partita values(2, 1, '2020-08-28', '00:54:28', 3);
insert into Partita values(2, 1, '2020-09-10', '08:17:54', 3);
insert into Partita values(2, 1, '2020-09-11', '17:38:17', 2);
insert into Acquisto values(1, 2, '2020-09-02', '01:46:07');
insert into Partita values(2, 2, '2020-09-16', '19:02:09', 2);
insert into Partita values(2, 2, '2020-09-11', '18:01:50', 1);
insert into Partita values(2, 2, '2020-09-29', '21:43:05', 2);
insert into Partita values(2, 2, '2020-08-22', '12:28:11', 3);
insert into Partita values(2, 2, '2020-08-25', '19:57:05', 1);
insert into Partita values(2, 2, '2020-08-04', '12:32:21', 3);
insert into Partita values(2, 3, '2020-10-01', '10:14:43', 3);
insert into Partita values(2, 3, '2020-08-04', '21:44:10', 3);
insert into Partita values(2, 3, '2020-09-09', '14:57:58', 3);
insert into Partita values(2, 3, '2020-09-30', '23:33:17', 3);
insert into Partita values(2, 5, '2020-09-30', '09:20:35', 3);
insert into Partita values(2, 5, '2020-08-24', '19:56:18', 2);
insert into Partita values(2, 5, '2020-09-12', '02:50:40', 1);
insert into Partita values(2, 5, '2020-08-28', '14:56:20', 2);
insert into Partita values(2, 5, '2020-09-09', '08:49:18', 2);
insert into Partita values(2, 5, '2020-09-24', '19:25:19', 4);
insert into Partita values(2, 5, '2020-08-20', '04:54:32', 1);
insert into Partita values(2, 5, '2020-09-06', '07:57:01', 2);
insert into Preferenza values(2, 5);
insert into Acquisto values(36, 2, '2020-09-14', '05:08:51');
insert into Partita values(2, 6, '2020-09-29', '01:37:31', 3);
insert into Partita values(2, 6, '2020-08-15', '07:27:08', 4);
insert into Preferenza values(2, 6);
insert into Partita values(2, 7, '2020-09-22', '00:10:41', 4);
insert into Partita values(2, 7, '2020-08-04', '00:38:36', 2);
insert into Partita values(2, 7, '2020-08-26', '06:06:55', 2);
insert into Partita values(2, 7, '2020-08-31', '09:16:46', 2);
insert into Partita values(2, 7, '2020-09-25', '06:47:48', 2);
insert into Partita values(2, 7, '2020-08-12', '01:55:38', 4);
insert into Partita values(2, 7, '2020-09-07', '17:23:16', 3);
insert into Partita values(2, 7, '2020-08-11', '23:09:37', 3);
insert into Partita values(2, 7, '2020-08-21', '21:18:34', 3);
insert into Partita values(2, 7, '2020-09-01', '13:09:55', 2);
insert into Partita values(2, 8, '2020-08-22', '05:15:32', 4);
insert into Partita values(2, 8, '2020-09-20', '04:31:24', 4);
insert into Partita values(2, 8, '2020-09-03', '22:07:28', 1);
insert into Partita values(2, 8, '2020-09-10', '02:25:50', 1);
insert into Partita values(2, 8, '2020-09-13', '00:43:50', 3);
insert into Partita values(2, 8, '2020-09-18', '16:38:11', 1);
insert into Partita values(2, 8, '2020-09-09', '00:29:00', 2);
insert into Partita values(2, 8, '2020-08-05', '02:11:56', 3);
insert into Partita values(2, 8, '2020-09-22', '11:34:05', 2);
insert into Acquisto values(64, 2, '2020-09-21', '08:30:05');
insert into Partita values(2, 9, '2020-09-26', '12:43:59', 2);
insert into Partita values(2, 9, '2020-09-03', '16:08:24', 2);
insert into Partita values(2, 9, '2020-08-07', '22:41:05', 4);
insert into Partita values(2, 9, '2020-08-25', '04:25:20', 3);
insert into Partita values(2, 9, '2020-08-01', '18:31:12', 3);
insert into Partita values(2, 9, '2020-08-18', '14:06:03', 4);
insert into Partita values(2, 9, '2020-09-19', '01:29:14', 3);
insert into Partita values(2, 9, '2020-09-20', '16:45:17', 2);
insert into Partita values(2, 9, '2020-08-30', '15:35:38', 4);
insert into Partita values(2, 9, '2020-08-25', '11:21:34', 4);
insert into Preferenza values(2, 9);
insert into Partita values(2, 10, '2020-08-29', '12:28:59', 1);
insert into Partita values(2, 10, '2020-08-13', '04:54:08', 4);
insert into Partita values(2, 10, '2020-09-17', '22:19:13', 3);
insert into Partita values(2, 10, '2020-08-29', '03:55:25', 1);
insert into Partita values(2, 10, '2020-08-19', '09:38:42', 4);
insert into Partita values(2, 10, '2020-09-19', '03:46:04', 2);
insert into Partita values(2, 10, '2020-08-21', '05:09:51', 2);
insert into Partita values(2, 10, '2020-09-12', '11:26:48', 2);
insert into Partita values(2, 10, '2020-09-10', '19:18:24', 3);
insert into Partita values(2, 10, '2020-09-17', '19:23:59', 4);
insert into Preferenza values(2, 10);
insert into Partita values(2, 11, '2020-09-26', '13:30:46', 3);
insert into Partita values(2, 11, '2020-08-02', '01:33:25', 4);
insert into Partita values(2, 11, '2020-09-10', '11:19:54', 4);
insert into Partita values(2, 11, '2020-09-25', '13:34:40', 3);
insert into Partita values(2, 11, '2020-08-15', '21:12:34', 1);
insert into Partita values(2, 11, '2020-08-12', '18:32:03', 3);
insert into Partita values(2, 11, '2020-08-09', '12:16:37', 2);
insert into Preferenza values(2, 11);
insert into Partita values(2, 12, '2020-09-20', '17:01:38', 3);
insert into Partita values(2, 12, '2020-09-10', '20:20:53', 3);
insert into Partita values(2, 12, '2020-08-13', '04:45:24', 4);
insert into Partita values(2, 12, '2020-09-26', '03:14:52', 2);
insert into Partita values(2, 12, '2020-09-01', '00:47:01', 3);
insert into Partita values(2, 12, '2020-08-30', '09:57:49', 2);
insert into Partita values(2, 12, '2020-08-18', '06:31:06', 1);
insert into Preferenza values(2, 12);
insert into Partita values(2, 13, '2020-08-07', '01:19:06', 2);
insert into Partita values(2, 13, '2020-08-12', '22:05:56', 2);
insert into Preferenza values(2, 13);
insert into Acquisto values(94, 2, '2020-08-10', '01:58:53');
insert into Partita values(2, 14, '2020-09-26', '16:33:16', 3);
insert into Partita values(2, 14, '2020-08-23', '11:15:28', 1);
insert into Partita values(2, 14, '2020-08-29', '16:48:23', 1);
insert into Partita values(2, 14, '2020-08-06', '05:04:59', 2);
insert into Partita values(2, 14, '2020-08-06', '06:51:08', 1);
insert into Partita values(2, 14, '2020-09-02', '22:35:09', 4);
insert into Partita values(2, 14, '2020-08-03', '00:45:46', 3);
insert into Partita values(2, 14, '2020-09-23', '12:58:57', 1);
insert into Partita values(2, 14, '2020-08-18', '21:13:23', 4);
insert into Partita values(2, 14, '2020-09-10', '10:15:49', 4);
insert into Preferenza values(2, 14);
insert into Piano(id, id_usr, tipologia, data_acquisto, ora_acquisto, data_fine, ora_fine) values(5, 3, 'Gratuito', '2020-09-09', '18:43:48', '2020-10-09', '04:14:34');
insert into Partita values(3, 1, '2020-10-06', '03:36:05', 2);
insert into Partita values(3, 1, '2020-09-24', '07:51:10', 4);
insert into Partita values(3, 1, '2020-09-26', '23:50:08', 2);
insert into Partita values(3, 1, '2020-10-07', '14:44:21', 3);
insert into Partita values(3, 1, '2020-09-19', '11:07:04', 1);
insert into Partita values(3, 1, '2020-09-21', '11:16:23', 4);
insert into Partita values(3, 1, '2020-09-24', '08:57:17', 4);
insert into Partita values(3, 1, '2020-09-25', '15:28:14', 3);
insert into Acquisto values(2, 3, '2020-09-22', '17:34:28');
insert into Partita values(3, 2, '2020-09-17', '10:29:48', 2);
insert into Partita values(3, 2, '2020-09-30', '14:01:38', 3);
insert into Partita values(3, 2, '2020-10-08', '21:30:07', 3);
insert into Partita values(3, 2, '2020-10-06', '17:25:46', 4);
insert into Partita values(3, 2, '2020-09-16', '13:59:52', 3);
insert into Partita values(3, 2, '2020-10-08', '15:06:05', 4);
insert into Partita values(3, 2, '2020-09-15', '03:20:19', 1);
insert into Preferenza values(3, 2);
insert into Acquisto values(11, 3, '2020-09-15', '05:45:35');
insert into Partita values(3, 3, '2020-10-01', '18:53:26', 4);
insert into Partita values(3, 3, '2020-09-22', '09:02:11', 4);
insert into Partita values(3, 3, '2020-10-03', '12:50:26', 4);
insert into Preferenza values(3, 3);
insert into Acquisto values(14, 3, '2020-10-04', '12:38:04');
insert into Partita values(3, 5, '2020-09-21', '04:51:25', 1);
insert into Partita values(3, 5, '2020-09-18', '13:21:53', 2);
insert into Partita values(3, 5, '2020-09-21', '23:26:52', 1);
insert into Partita values(3, 5, '2020-09-30', '09:43:26', 4);
insert into Partita values(3, 5, '2020-09-30', '01:02:08', 1);
insert into Preferenza values(3, 5);
insert into Partita values(3, 6, '2020-09-20', '01:20:50', 1);
insert into Partita values(3, 6, '2020-10-08', '15:20:35', 1);
insert into Partita values(3, 6, '2020-09-23', '15:12:24', 2);
insert into Partita values(3, 6, '2020-09-12', '14:12:56', 4);
insert into Partita values(3, 6, '2020-10-07', '14:22:48', 3);
insert into Partita values(3, 6, '2020-09-30', '18:33:56', 1);
insert into Partita values(3, 6, '2020-09-20', '09:29:46', 2);
insert into Preferenza values(3, 6);
insert into Partita values(3, 8, '2020-09-17', '00:04:17', 1);
insert into Partita values(3, 8, '2020-09-28', '04:08:41', 3);
insert into Partita values(3, 8, '2020-09-19', '15:49:40', 3);
insert into Partita values(3, 8, '2020-10-02', '01:35:52', 3);
insert into Partita values(3, 8, '2020-09-12', '05:41:23', 1);
insert into Partita values(3, 8, '2020-09-11', '20:24:38', 2);
insert into Partita values(3, 8, '2020-09-15', '18:14:41', 3);
insert into Partita values(3, 8, '2020-09-24', '03:01:56', 1);
insert into Partita values(3, 9, '2020-09-25', '02:04:51', 4);
insert into Partita values(3, 9, '2020-09-29', '20:17:37', 3);
insert into Partita values(3, 9, '2020-09-29', '08:00:15', 1);
insert into Partita values(3, 9, '2020-10-03', '15:01:52', 4);
insert into Partita values(3, 9, '2020-10-04', '06:55:34', 2);
insert into Partita values(3, 9, '2020-09-18', '06:27:50', 1);
insert into Partita values(3, 9, '2020-10-07', '02:28:00', 2);
insert into Partita values(3, 9, '2020-09-25', '22:16:35', 3);
insert into Acquisto values(73, 3, '2020-09-23', '05:38:27');
insert into Partita values(3, 10, '2020-10-08', '16:24:12', 3);
insert into Partita values(3, 10, '2020-10-02', '01:54:13', 2);
insert into Partita values(3, 10, '2020-09-11', '04:07:24', 2);
insert into Partita values(3, 10, '2020-09-21', '10:16:24', 2);
insert into Partita values(3, 10, '2020-10-02', '09:09:39', 4);
insert into Partita values(3, 10, '2020-10-06', '09:16:37', 3);
insert into Partita values(3, 10, '2020-09-11', '01:14:44', 1);
insert into Partita values(3, 10, '2020-09-16', '19:19:38', 1);
insert into Partita values(3, 11, '2020-09-24', '15:31:44', 2);
insert into Partita values(3, 11, '2020-09-26', '07:31:35', 1);
insert into Preferenza values(3, 11);
insert into Partita values(3, 12, '2020-09-17', '02:42:40', 4);
insert into Partita values(3, 12, '2020-09-28', '08:18:26', 4);
insert into Partita values(3, 12, '2020-09-24', '17:29:03', 2);
insert into Partita values(3, 12, '2020-09-13', '12:15:33', 1);
insert into Partita values(3, 13, '2020-10-04', '03:25:34', 2);
insert into Partita values(3, 13, '2020-09-24', '21:29:43', 4);
insert into Partita values(3, 13, '2020-10-07', '16:20:40', 2);
insert into Partita values(3, 13, '2020-09-15', '18:32:50', 2);
insert into Preferenza values(3, 13);
insert into Acquisto values(95, 3, '2020-09-19', '02:49:31');
insert into Partita values(3, 14, '2020-09-29', '03:42:57', 1);
insert into Partita values(3, 14, '2020-09-29', '18:54:04', 2);
insert into Partita values(3, 14, '2020-09-09', '19:47:36', 1);
insert into Partita values(3, 14, '2020-10-04', '23:24:16', 3);
insert into Partita values(3, 14, '2020-09-18', '12:38:00', 2);
insert into Piano(id, id_usr, tipologia, data_acquisto, ora_acquisto, data_fine, ora_fine) values(6, 4, 'Gratuito', '2021-06-29', '06:16:56', '2021-07-29', '10:28:51');
insert into Partita values(4, 1, '2021-07-23', '03:14:20', 1);
insert into Partita values(4, 1, '2021-07-15', '17:02:50', 1);
insert into Partita values(4, 1, '2021-07-20', '10:01:59', 2);
insert into Partita values(4, 1, '2021-07-06', '09:10:01', 2);
insert into Partita values(4, 1, '2021-07-13', '08:06:28', 2);
insert into Partita values(4, 1, '2021-07-03', '03:59:22', 1);
insert into Partita values(4, 5, '2021-07-07', '14:21:10', 4);
insert into Partita values(4, 5, '2021-07-12', '01:54:33', 4);
insert into Partita values(4, 5, '2021-07-25', '01:27:53', 2);
insert into Partita values(4, 5, '2021-07-16', '15:37:16', 2);
insert into Partita values(4, 5, '2021-07-01', '16:39:16', 3);
insert into Preferenza values(4, 5);
insert into Acquisto values(37, 4, '2021-07-08', '08:37:05');
insert into Partita values(4, 6, '2021-07-23', '04:28:29', 4);
insert into Partita values(4, 7, '2021-07-20', '01:13:34', 3);
insert into Partita values(4, 7, '2021-07-20', '22:18:26', 2);
insert into Partita values(4, 7, '2021-07-13', '14:15:21', 3);
insert into Partita values(4, 7, '2021-07-01', '12:18:55', 2);
insert into Partita values(4, 7, '2021-07-15', '13:59:27', 4);
insert into Partita values(4, 7, '2021-07-13', '03:41:26', 4);
insert into Partita values(4, 7, '2021-07-18', '21:02:52', 3);
insert into Partita values(4, 7, '2021-07-01', '22:23:12', 1);
insert into Partita values(4, 7, '2021-07-21', '16:32:48', 3);
insert into Partita values(4, 7, '2021-07-05', '05:16:23', 1);
insert into Preferenza values(4, 7);
insert into Partita values(4, 8, '2021-07-07', '16:59:36', 2);
insert into Partita values(4, 8, '2021-07-27', '18:00:20', 3);
insert into Partita values(4, 8, '2021-07-19', '04:10:14', 2);
insert into Partita values(4, 8, '2021-07-28', '02:48:07', 3);
insert into Partita values(4, 8, '2021-07-02', '11:00:06', 4);
insert into Partita values(4, 8, '2021-07-20', '10:22:52', 1);
insert into Partita values(4, 8, '2021-07-07', '13:21:24', 1);
insert into Partita values(4, 8, '2021-07-06', '18:22:52', 3);
insert into Partita values(4, 9, '2021-07-27', '04:22:19', 1);
insert into Partita values(4, 9, '2021-07-15', '03:47:01', 1);
insert into Partita values(4, 9, '2021-07-04', '20:50:17', 1);
insert into Partita values(4, 9, '2021-07-03', '16:36:11', 2);
insert into Partita values(4, 9, '2021-07-24', '02:28:03', 4);
insert into Partita values(4, 9, '2021-07-27', '04:04:46', 3);
insert into Partita values(4, 9, '2021-07-02', '12:55:35', 1);
insert into Partita values(4, 9, '2021-07-28', '11:18:32', 1);
insert into Partita values(4, 9, '2021-07-12', '04:52:02', 1);
insert into Partita values(4, 9, '2021-07-18', '03:43:31', 3);
insert into Preferenza values(4, 9);
insert into Acquisto values(74, 4, '2021-07-13', '11:21:35');
insert into Partita values(4, 11, '2021-07-22', '15:18:20', 4);
insert into Partita values(4, 11, '2021-07-15', '03:31:12', 4);
insert into Partita values(4, 11, '2021-07-09', '06:04:16', 4);
insert into Partita values(4, 11, '2021-07-08', '17:32:58', 3);
insert into Partita values(4, 11, '2021-07-27', '11:21:49', 4);
insert into Partita values(4, 11, '2021-07-02', '02:21:03', 4);
insert into Partita values(4, 11, '2021-07-01', '09:21:58', 2);
insert into Partita values(4, 11, '2021-07-19', '14:37:28', 4);
insert into Partita values(4, 11, '2021-07-18', '22:11:54', 4);
insert into Partita values(4, 12, '2021-07-14', '10:41:46', 4);
insert into Partita values(4, 12, '2021-07-25', '06:05:55', 1);
insert into Partita values(4, 12, '2021-07-15', '00:49:00', 1);
insert into Partita values(4, 12, '2021-06-30', '07:47:05', 3);
insert into Partita values(4, 12, '2021-06-29', '12:09:49', 2);
insert into Preferenza values(4, 12);
insert into Partita values(4, 14, '2021-07-18', '06:58:36', 3);
insert into Partita values(4, 14, '2021-07-25', '22:08:58', 1);
insert into Partita values(4, 14, '2021-07-23', '17:01:13', 1);
insert into Piano(id, id_usr, tipologia, data_acquisto, ora_acquisto, data_fine, ora_fine) values(7, 5, 'Gratuito', '2020-10-06', '20:22:43', '2020-11-06', '05:54:08');
insert into Piano(id, id_usr, tipologia, data_acquisto, ora_acquisto, data_fine, ora_fine) values(8, 5, 'Mensile', '2020-11-06', '13:14:49', '2020-12-06', '07:20:20');
insert into Partita values(5, 1, '2020-10-08', '15:02:23', 1);
insert into Partita values(5, 1, '2020-12-05', '08:41:56', 3);
insert into Partita values(5, 1, '2020-10-16', '01:25:27', 4);
insert into Partita values(5, 1, '2020-10-26', '10:10:20', 4);
insert into Partita values(5, 1, '2020-12-05', '06:46:01', 1);
insert into Partita values(5, 1, '2020-11-10', '09:31:00', 3);
insert into Partita values(5, 1, '2020-11-24', '10:50:34', 4);
insert into Partita values(5, 1, '2020-11-14', '20:17:48', 3);
insert into Acquisto values(3, 5, '2020-11-29', '02:31:17');
insert into Partita values(5, 2, '2020-10-14', '18:45:47', 1);
insert into Partita values(5, 2, '2020-10-18', '16:01:38', 2);
insert into Partita values(5, 2, '2020-10-25', '12:30:28', 3);
insert into Partita values(5, 2, '2020-11-11', '04:08:02', 2);
insert into Partita values(5, 2, '2020-11-23', '10:03:42', 1);
insert into Partita values(5, 2, '2020-10-16', '19:34:03', 4);
insert into Preferenza values(5, 2);
insert into Acquisto values(12, 5, '2020-10-07', '22:02:17');
insert into Partita values(5, 5, '2020-11-16', '03:02:44', 2);
insert into Partita values(5, 5, '2020-11-14', '03:55:04', 1);
insert into Partita values(5, 5, '2020-12-06', '00:52:05', 4);
insert into Partita values(5, 5, '2020-11-30', '17:01:28', 2);
insert into Partita values(5, 5, '2020-10-11', '09:32:24', 3);
insert into Partita values(5, 5, '2020-10-10', '08:08:55', 2);
insert into Partita values(5, 5, '2020-10-15', '14:00:58', 2);
insert into Acquisto values(38, 5, '2020-12-05', '17:26:12');
insert into Partita values(5, 6, '2020-10-13', '21:45:05', 4);
insert into Partita values(5, 6, '2020-10-18', '19:06:18', 1);
insert into Partita values(5, 6, '2020-10-26', '17:36:45', 3);
insert into Partita values(5, 6, '2020-11-05', '14:04:06', 1);
insert into Preferenza values(5, 6);
insert into Acquisto values(53, 5, '2020-10-21', '17:42:06');
insert into Partita values(5, 8, '2020-10-10', '16:53:07', 4);
insert into Partita values(5, 8, '2020-10-08', '12:19:54', 3);
insert into Partita values(5, 8, '2020-11-17', '14:30:56', 2);
insert into Partita values(5, 8, '2020-12-03', '19:13:21', 2);
insert into Preferenza values(5, 8);
insert into Acquisto values(65, 5, '2020-10-15', '13:47:26');
insert into Partita values(5, 9, '2020-10-26', '02:06:00', 3);
insert into Partita values(5, 9, '2020-11-27', '23:11:56', 3);
insert into Partita values(5, 9, '2020-10-09', '22:30:40', 2);
insert into Partita values(5, 9, '2020-10-08', '05:02:14', 1);
insert into Preferenza values(5, 9);
insert into Acquisto values(75, 5, '2020-10-07', '21:43:54');
insert into Partita values(5, 11, '2020-11-03', '03:36:13', 1);
insert into Partita values(5, 11, '2020-11-01', '17:33:48', 2);
insert into Partita values(5, 11, '2020-10-23', '19:13:13', 1);
insert into Partita values(5, 11, '2020-10-10', '01:36:40', 2);
insert into Partita values(5, 11, '2020-10-23', '06:53:04', 2);
insert into Preferenza values(5, 11);
insert into Partita values(5, 12, '2020-10-28', '10:20:06', 2);
insert into Partita values(5, 12, '2020-11-15', '17:37:34', 3);
insert into Partita values(5, 12, '2020-11-04', '16:34:59', 4);
insert into Partita values(5, 12, '2020-12-02', '05:29:37', 3);
insert into Partita values(5, 12, '2020-11-20', '14:49:40', 3);
insert into Partita values(5, 12, '2020-10-26', '03:26:23', 1);
insert into Partita values(5, 12, '2020-10-27', '07:51:19', 2);
insert into Partita values(5, 12, '2020-10-17', '02:15:40', 1);
insert into Partita values(5, 12, '2020-11-08', '09:19:19', 3);
insert into Partita values(5, 12, '2020-10-13', '03:07:51', 1);
insert into Preferenza values(5, 12);
insert into Acquisto values(92, 5, '2020-11-21', '18:36:41');
insert into Partita values(5, 13, '2020-11-03', '02:01:05', 3);
insert into Partita values(5, 13, '2020-11-15', '10:02:45', 3);
insert into Preferenza values(5, 13);
insert into Acquisto values(96, 5, '2020-11-08', '16:04:36');
insert into Partita values(5, 14, '2020-10-10', '07:53:59', 3);
insert into Partita values(5, 14, '2020-10-09', '22:35:24', 4);
insert into Partita values(5, 14, '2020-11-17', '13:47:50', 4);
insert into Partita values(5, 14, '2020-10-30', '11:10:39', 4);
insert into Partita values(5, 14, '2020-10-15', '18:51:50', 4);
insert into Partita values(5, 14, '2020-11-01', '12:21:41', 4);
insert into Partita values(5, 14, '2020-11-04', '22:15:53', 2);
insert into Preferenza values(5, 14);
insert into Piano(id, id_usr, tipologia, data_acquisto, ora_acquisto, data_fine, ora_fine) values(9, 6, 'Gratuito', '2021-01-09', '02:38:05', '2021-02-09', '08:06:52');
insert into Piano(id, id_usr, tipologia, data_acquisto, ora_acquisto, data_fine, ora_fine) values(10, 6, 'Annuale', '2021-02-09', '14:20:19', '2022-02-09', '12:48:36');
insert into Partita values(6, 1, '2021-12-07', '12:29:48', 1);
insert into Partita values(6, 1, '2021-08-27', '09:32:24', 2);
insert into Preferenza values(6, 1);
insert into Partita values(6, 2, '2021-11-03', '03:02:06', 3);
insert into Partita values(6, 2, '2021-11-20', '04:50:36', 1);
insert into Partita values(6, 2, '2021-09-28', '10:04:58', 2);
insert into Partita values(6, 2, '2022-01-07', '07:02:01', 4);
insert into Partita values(6, 2, '2022-02-02', '20:39:13', 1);
insert into Partita values(6, 2, '2021-05-16', '03:21:17', 1);
insert into Preferenza values(6, 2);
insert into Acquisto values(13, 6, '2021-07-11', '21:35:30');
insert into Partita values(6, 4, '2021-03-11', '17:13:11', 1);
insert into Partita values(6, 4, '2021-06-12', '05:35:52', 3);
insert into Partita values(6, 4, '2021-03-05', '22:54:45', 1);
insert into Partita values(6, 4, '2021-10-21', '01:50:55', 1);
insert into Partita values(6, 4, '2022-01-26', '17:12:25', 2);
insert into Partita values(6, 4, '2022-01-03', '20:52:30', 4);
insert into Preferenza values(6, 4);
insert into Partita values(6, 5, '2021-04-15', '19:37:14', 4);
insert into Partita values(6, 5, '2021-10-19', '18:37:36', 4);
insert into Partita values(6, 5, '2022-01-05', '16:59:12', 4);
insert into Partita values(6, 5, '2021-03-05', '04:55:37', 3);
insert into Partita values(6, 5, '2021-03-01', '11:38:33', 3);
insert into Acquisto values(39, 6, '2021-12-18', '14:17:40');
insert into Partita values(6, 6, '2021-11-18', '05:38:22', 4);
insert into Partita values(6, 6, '2021-03-08', '11:16:44', 3);
insert into Partita values(6, 6, '2021-08-14', '17:19:04', 3);
insert into Partita values(6, 6, '2021-09-08', '20:12:03', 4);
insert into Partita values(6, 6, '2021-11-14', '20:54:14', 1);
insert into Partita values(6, 6, '2021-03-19', '16:07:35', 3);
insert into Partita values(6, 6, '2021-12-28', '04:27:17', 3);
insert into Partita values(6, 6, '2021-03-29', '07:06:27', 3);
insert into Partita values(6, 6, '2021-07-30', '12:32:00', 4);
insert into Partita values(6, 6, '2021-06-06', '13:19:38', 3);
insert into Preferenza values(6, 6);
insert into Partita values(6, 7, '2021-08-20', '09:15:38', 4);
insert into Partita values(6, 7, '2021-01-30', '01:06:44', 3);
insert into Partita values(6, 7, '2021-10-15', '13:25:05', 1);
insert into Partita values(6, 7, '2021-08-19', '11:00:11', 1);
insert into Partita values(6, 7, '2021-08-21', '18:25:50', 4);
insert into Partita values(6, 7, '2021-09-05', '23:50:18', 1);
insert into Partita values(6, 7, '2021-12-15', '16:52:10', 2);
insert into Partita values(6, 8, '2021-03-01', '18:04:55', 1);
insert into Partita values(6, 8, '2021-09-10', '16:02:39', 2);
insert into Partita values(6, 8, '2021-11-27', '09:08:17', 2);
insert into Partita values(6, 8, '2021-11-29', '11:25:35', 2);
insert into Partita values(6, 10, '2021-12-06', '15:41:05', 2);
insert into Partita values(6, 10, '2022-01-03', '18:26:40', 3);
insert into Partita values(6, 10, '2021-09-20', '11:44:44', 1);
insert into Partita values(6, 10, '2021-05-11', '07:07:26', 2);
insert into Partita values(6, 10, '2021-09-08', '19:21:37', 3);
insert into Partita values(6, 10, '2021-12-18', '16:55:44', 3);
insert into Partita values(6, 11, '2021-11-05', '16:17:15', 1);
insert into Partita values(6, 11, '2021-09-10', '18:30:25', 4);
insert into Partita values(6, 11, '2021-03-28', '15:43:39', 4);
insert into Partita values(6, 11, '2021-03-09', '02:20:01', 3);
insert into Partita values(6, 11, '2021-10-26', '05:38:37', 1);
insert into Partita values(6, 11, '2021-05-07', '03:48:53', 2);
insert into Partita values(6, 11, '2021-10-16', '06:27:41', 1);
insert into Partita values(6, 11, '2021-10-02', '10:20:44', 4);
insert into Partita values(6, 11, '2021-05-26', '16:02:53', 3);
insert into Partita values(6, 11, '2021-09-26', '01:15:06', 1);
insert into Preferenza values(6, 11);
insert into Partita values(6, 12, '2021-11-05', '23:14:52', 1);
insert into Partita values(6, 12, '2021-10-11', '05:58:56', 2);
insert into Partita values(6, 12, '2022-01-02', '09:37:26', 2);
insert into Partita values(6, 12, '2021-12-02', '09:33:41', 1);
insert into Partita values(6, 12, '2021-10-26', '16:39:20', 4);
insert into Partita values(6, 12, '2021-06-22', '22:58:10', 2);
insert into Partita values(6, 12, '2021-10-19', '01:27:32', 1);
insert into Partita values(6, 12, '2021-12-23', '15:41:31', 1);
insert into Partita values(6, 12, '2021-06-17', '22:43:14', 3);
insert into Partita values(6, 12, '2021-08-09', '01:06:01', 4);
insert into Partita values(6, 13, '2021-01-30', '12:27:08', 2);
insert into Partita values(6, 13, '2021-05-26', '17:56:29', 4);
insert into Partita values(6, 13, '2021-11-22', '06:00:13', 3);
insert into Partita values(6, 13, '2021-06-08', '06:37:57', 4);
insert into Partita values(6, 13, '2021-01-14', '19:56:20', 4);
insert into Partita values(6, 13, '2021-11-01', '09:06:55', 3);
insert into Partita values(6, 13, '2022-01-20', '04:59:37', 2);
insert into Partita values(6, 13, '2022-01-04', '22:50:39', 4);
insert into Partita values(6, 13, '2021-05-31', '11:32:33', 4);
insert into Partita values(6, 13, '2021-06-11', '01:57:38', 2);
insert into Acquisto values(97, 6, '2021-11-09', '11:33:09');
insert into Partita values(6, 14, '2021-05-02', '03:54:54', 1);
insert into Partita values(6, 14, '2021-10-27', '15:06:04', 1);
insert into Partita values(6, 14, '2021-01-19', '10:45:14', 3);
insert into Partita values(6, 14, '2021-05-22', '21:40:53', 3);
insert into Partita values(6, 14, '2021-11-21', '18:43:01', 1);
insert into Piano(id, id_usr, tipologia, data_acquisto, ora_acquisto, data_fine, ora_fine) values(11, 7, 'Gratuito', '2021-03-02', '01:35:59', '2021-04-02', '01:30:12');
insert into Piano(id, id_usr, tipologia, data_acquisto, ora_acquisto, data_fine, ora_fine) values(12, 7, 'Annuale', '2021-04-02', '12:05:40', '2022-04-02', '06:19:19');
insert into PianoCancellato values(12, '2021-04-25', '04:19:45');
insert into Partita values(7, 1, '2021-03-10', '16:14:46', 3);
insert into Partita values(7, 1, '2021-04-16', '16:34:41', 2);
insert into Partita values(7, 1, '2021-03-25', '22:43:15', 2);
insert into Partita values(7, 1, '2021-03-27', '11:48:58', 3);
insert into Partita values(7, 1, '2021-04-05', '09:58:29', 4);
insert into Partita values(7, 1, '2021-03-23', '01:08:44', 2);
insert into Partita values(7, 1, '2021-04-11', '03:30:15', 1);
insert into Partita values(7, 1, '2021-03-09', '03:00:06', 1);
insert into Partita values(7, 1, '2021-04-04', '02:02:12', 3);
insert into Partita values(7, 1, '2021-04-11', '17:30:52', 1);
insert into Acquisto values(4, 7, '2021-04-19', '11:12:21');
insert into Partita values(7, 3, '2021-04-11', '09:32:29', 2);
insert into Partita values(7, 3, '2021-03-05', '07:23:52', 3);
insert into Partita values(7, 3, '2021-03-21', '16:54:04', 4);
insert into Partita values(7, 3, '2021-04-03', '17:48:12', 1);
insert into Partita values(7, 3, '2021-03-18', '21:20:05', 3);
insert into Partita values(7, 3, '2021-04-14', '22:49:18', 4);
insert into Partita values(7, 3, '2021-04-24', '11:32:09', 2);
insert into Partita values(7, 3, '2021-04-24', '04:27:29', 2);
insert into Preferenza values(7, 3);
insert into Acquisto values(15, 7, '2021-04-09', '21:48:34');
insert into Partita values(7, 4, '2021-03-04', '18:39:26', 1);
insert into Partita values(7, 4, '2021-04-05', '06:08:33', 1);
insert into Partita values(7, 5, '2021-03-17', '13:00:56', 1);
insert into Partita values(7, 5, '2021-03-15', '08:15:13', 2);
insert into Preferenza values(7, 5);
insert into Partita values(7, 6, '2021-03-29', '22:25:42', 1);
insert into Partita values(7, 6, '2021-04-07', '20:08:03', 1);
insert into Partita values(7, 7, '2021-04-13', '10:59:00', 2);
insert into Partita values(7, 7, '2021-03-13', '21:35:24', 2);
insert into Partita values(7, 7, '2021-04-03', '17:35:30', 1);
insert into Partita values(7, 7, '2021-03-25', '17:53:43', 4);
insert into Partita values(7, 7, '2021-03-16', '16:16:49', 3);
insert into Acquisto values(60, 7, '2021-03-26', '20:06:22');
insert into Partita values(7, 8, '2021-04-02', '19:21:42', 1);
insert into Partita values(7, 8, '2021-04-09', '14:38:05', 1);
insert into Partita values(7, 8, '2021-04-11', '11:19:02', 4);
insert into Preferenza values(7, 8);
insert into Partita values(7, 9, '2021-04-14', '08:43:35', 2);
insert into Partita values(7, 9, '2021-03-07', '08:06:08', 3);
insert into Partita values(7, 9, '2021-03-31', '08:19:54', 2);
insert into Partita values(7, 9, '2021-04-01', '08:03:17', 1);
insert into Partita values(7, 11, '2021-04-10', '04:10:36', 3);
insert into Partita values(7, 11, '2021-04-01', '07:34:11', 3);
insert into Partita values(7, 11, '2021-04-02', '16:13:04', 4);
insert into Partita values(7, 11, '2021-03-27', '11:30:58', 2);
insert into Partita values(7, 11, '2021-03-17', '04:34:39', 4);
insert into Partita values(7, 11, '2021-03-15', '12:02:49', 1);
insert into Partita values(7, 11, '2021-03-25', '14:57:41', 1);
insert into Partita values(7, 11, '2021-04-16', '14:48:10', 1);
insert into Partita values(7, 11, '2021-03-12', '04:48:54', 3);
insert into Preferenza values(7, 11);
insert into Partita values(7, 13, '2021-04-21', '18:00:36', 3);
insert into Preferenza values(7, 13);
insert into Acquisto values(98, 7, '2021-04-06', '03:58:18');
insert into Partita values(7, 14, '2021-03-10', '11:15:32', 4);
insert into Partita values(7, 14, '2021-03-22', '22:26:12', 2);
insert into Partita values(7, 14, '2021-03-11', '18:22:59', 4);
insert into Partita values(7, 14, '2021-04-03', '12:47:37', 3);
insert into Partita values(7, 14, '2021-03-26', '21:54:26', 3);
insert into Partita values(7, 14, '2021-03-18', '07:27:59', 1);
insert into Partita values(7, 14, '2021-04-03', '20:43:04', 4);
insert into Partita values(7, 14, '2021-03-06', '11:27:10', 2);
insert into Partita values(7, 14, '2021-03-03', '17:00:23', 2);
insert into Partita values(7, 14, '2021-03-19', '15:54:27', 2);
insert into Piano(id, id_usr, tipologia, data_acquisto, ora_acquisto, data_fine, ora_fine) values(13, 8, 'Gratuito', '2020-10-19', '18:32:14', '2020-11-19', '17:54:16');
insert into Piano(id, id_usr, tipologia, data_acquisto, ora_acquisto, data_fine, ora_fine) values(14, 8, 'Mensile', '2020-11-19', '13:11:41', '2020-12-19', '08:57:12');
insert into Piano(id, id_usr, tipologia, data_acquisto, ora_acquisto, data_fine, ora_fine) values(15, 8, 'Mensile', '2020-12-19', '01:36:41', '2021-01-19', '19:29:32');
insert into PianoCancellato values(15, '2021-01-07', '08:45:04');
insert into Partita values(8, 1, '2020-11-26', '00:36:13', 2);
insert into Partita values(8, 1, '2020-12-08', '22:37:31', 3);
insert into Partita values(8, 1, '2020-12-06', '07:49:40', 3);
insert into Partita values(8, 1, '2020-11-18', '17:58:46', 3);
insert into Partita values(8, 1, '2020-10-26', '04:32:39', 1);
insert into Partita values(8, 1, '2020-11-30', '12:19:27', 4);
insert into Partita values(8, 1, '2020-12-08', '20:14:59', 3);
insert into Preferenza values(8, 1);
insert into Acquisto values(5, 8, '2020-12-01', '02:13:00');
insert into Partita values(8, 4, '2020-11-12', '14:38:44', 2);
insert into Partita values(8, 4, '2020-12-15', '18:01:25', 3);
insert into Partita values(8, 4, '2020-11-29', '04:47:19', 3);
insert into Partita values(8, 4, '2020-11-08', '19:49:45', 4);
insert into Partita values(8, 4, '2020-12-08', '12:31:48', 2);
insert into Partita values(8, 4, '2020-11-13', '16:41:10', 2);
insert into Partita values(8, 4, '2020-11-13', '19:33:50', 3);
insert into Partita values(8, 4, '2020-11-26', '07:43:15', 2);
insert into Acquisto values(17, 8, '2021-01-03', '22:06:59');
insert into Partita values(8, 5, '2020-11-09', '20:14:20', 1);
insert into Partita values(8, 5, '2020-11-27', '01:18:24', 3);
insert into Partita values(8, 5, '2020-12-29', '17:59:29', 1);
insert into Partita values(8, 5, '2020-11-06', '18:58:41', 3);
insert into Partita values(8, 5, '2020-12-27', '04:25:51', 3);
insert into Partita values(8, 5, '2020-12-07', '06:06:29', 1);
insert into Preferenza values(8, 5);
insert into Acquisto values(40, 8, '2020-12-08', '02:23:52');
insert into Partita values(8, 6, '2020-11-09', '02:54:32', 2);
insert into Partita values(8, 6, '2020-11-21', '03:52:14', 2);
insert into Partita values(8, 6, '2020-10-22', '19:59:58', 4);
insert into Partita values(8, 6, '2020-10-28', '06:07:47', 1);
insert into Partita values(8, 6, '2020-10-30', '20:33:18', 1);
insert into Partita values(8, 6, '2020-12-29', '03:34:39', 2);
insert into Partita values(8, 6, '2020-12-23', '18:38:08', 4);
insert into Partita values(8, 6, '2020-12-14', '08:31:57', 4);
insert into Partita values(8, 6, '2020-11-14', '01:00:50', 1);
insert into Partita values(8, 7, '2020-11-05', '14:23:23', 4);
insert into Partita values(8, 7, '2020-10-31', '11:16:07', 1);
insert into Partita values(8, 7, '2020-12-30', '00:25:42', 3);
insert into Partita values(8, 7, '2020-10-25', '09:07:13', 3);
insert into Partita values(8, 7, '2020-12-27', '17:21:13', 2);
insert into Partita values(8, 7, '2020-12-31', '17:19:42', 1);
insert into Partita values(8, 7, '2021-01-03', '19:44:10', 2);
insert into Acquisto values(61, 8, '2020-12-09', '09:23:51');
insert into Partita values(8, 8, '2021-01-01', '01:26:54', 2);
insert into Partita values(8, 8, '2020-11-17', '20:43:03', 1);
insert into Partita values(8, 8, '2020-12-18', '10:51:51', 1);
insert into Partita values(8, 8, '2020-12-22', '09:36:55', 1);
insert into Partita values(8, 8, '2020-12-30', '12:59:00', 2);
insert into Partita values(8, 8, '2020-11-28', '17:41:15', 3);
insert into Preferenza values(8, 8);
insert into Partita values(8, 9, '2020-12-03', '00:28:09', 2);
insert into Partita values(8, 9, '2020-11-21', '21:15:45', 4);
insert into Partita values(8, 9, '2020-11-13', '02:35:25', 2);
insert into Partita values(8, 10, '2020-11-16', '19:36:14', 1);
insert into Partita values(8, 10, '2020-12-18', '22:10:36', 1);
insert into Partita values(8, 10, '2020-12-22', '19:16:32', 4);
insert into Partita values(8, 10, '2020-11-26', '02:13:25', 2);
insert into Partita values(8, 10, '2020-11-08', '20:14:04', 1);
insert into Partita values(8, 10, '2020-12-25', '09:55:16', 2);
insert into Partita values(8, 10, '2020-11-01', '20:57:51', 1);
insert into Partita values(8, 10, '2020-10-24', '23:38:05', 2);
insert into Partita values(8, 10, '2020-11-19', '05:59:29', 4);
insert into Preferenza values(8, 10);
insert into Partita values(8, 11, '2020-12-31', '12:17:39', 2);
insert into Partita values(8, 11, '2020-12-21', '14:10:22', 1);
insert into Partita values(8, 11, '2020-11-01', '12:45:36', 4);
insert into Partita values(8, 11, '2020-11-21', '08:37:13', 3);
insert into Partita values(8, 11, '2020-10-22', '22:07:41', 1);
insert into Partita values(8, 11, '2020-12-23', '14:01:45', 2);
insert into Preferenza values(8, 11);
insert into Partita values(8, 12, '2020-10-29', '22:46:40', 2);
insert into Partita values(8, 12, '2020-12-10', '14:13:27', 4);
insert into Partita values(8, 12, '2020-12-19', '20:07:40', 2);
insert into Partita values(8, 12, '2020-12-11', '09:36:21', 3);
insert into Partita values(8, 12, '2020-12-30', '22:01:57', 4);
insert into Partita values(8, 12, '2021-01-07', '15:06:29', 3);
insert into Partita values(8, 12, '2020-12-13', '07:15:07', 3);
insert into Partita values(8, 12, '2020-10-30', '13:43:25', 2);
insert into Partita values(8, 12, '2020-11-01', '03:43:38', 1);
insert into Partita values(8, 12, '2021-01-01', '00:12:43', 2);
insert into Preferenza values(8, 12);
insert into Partita values(8, 14, '2020-10-26', '22:33:07', 4);
insert into Partita values(8, 14, '2020-11-02', '07:06:26', 4);
insert into Partita values(8, 14, '2020-10-23', '14:24:24', 2);
insert into Partita values(8, 14, '2020-11-20', '00:00:28', 3);
insert into Partita values(8, 14, '2021-01-03', '22:01:18', 2);
insert into Preferenza values(8, 14);
insert into Piano(id, id_usr, tipologia, data_acquisto, ora_acquisto, data_fine, ora_fine) values(16, 9, 'Gratuito', '2020-12-14', '15:56:48', '2021-01-14', '11:46:54');
insert into Partita values(9, 1, '2021-01-01', '21:47:09', 4);
insert into Partita values(9, 1, '2021-01-11', '07:20:55', 1);
insert into Partita values(9, 1, '2020-12-23', '14:31:10', 3);
insert into Partita values(9, 1, '2020-12-22', '17:06:43', 2);
insert into Partita values(9, 1, '2021-01-02', '14:29:07', 4);
insert into Partita values(9, 1, '2020-12-23', '01:16:55', 3);
insert into Partita values(9, 1, '2020-12-22', '00:50:37', 2);
insert into Acquisto values(6, 9, '2020-12-19', '17:22:55');
insert into Partita values(9, 5, '2021-01-12', '06:37:21', 4);
insert into Preferenza values(9, 5);
insert into Acquisto values(41, 9, '2020-12-31', '03:44:38');
insert into Partita values(9, 6, '2021-01-02', '13:45:44', 2);
insert into Partita values(9, 6, '2020-12-31', '23:21:13', 3);
insert into Partita values(9, 6, '2020-12-24', '23:07:37', 1);
insert into Partita values(9, 7, '2021-01-02', '08:20:21', 3);
insert into Partita values(9, 7, '2020-12-25', '09:16:34', 3);
insert into Partita values(9, 7, '2021-01-08', '06:00:46', 4);
insert into Partita values(9, 7, '2020-12-27', '07:20:03', 2);
insert into Partita values(9, 7, '2020-12-31', '09:34:19', 2);
insert into Partita values(9, 7, '2021-01-02', '23:34:07', 3);
insert into Partita values(9, 7, '2020-12-19', '17:50:45', 4);
insert into Preferenza values(9, 7);
insert into Partita values(9, 8, '2021-01-08', '14:56:26', 3);
insert into Partita values(9, 8, '2021-01-09', '20:59:50', 1);
insert into Partita values(9, 8, '2020-12-15', '23:28:05', 4);
insert into Preferenza values(9, 8);
insert into Acquisto values(66, 9, '2020-12-23', '23:49:23');
insert into Partita values(9, 9, '2020-12-29', '15:41:26', 3);
insert into Partita values(9, 9, '2021-01-10', '03:53:24', 2);
insert into Partita values(9, 9, '2020-12-20', '05:45:28', 2);
insert into Partita values(9, 9, '2021-01-12', '09:39:54', 3);
insert into Preferenza values(9, 9);
insert into Acquisto values(76, 9, '2021-01-03', '13:07:01');
insert into Partita values(9, 11, '2020-12-26', '00:11:43', 2);
insert into Partita values(9, 11, '2021-01-06', '05:17:06', 4);
insert into Partita values(9, 11, '2020-12-21', '05:09:15', 3);
insert into Partita values(9, 11, '2021-01-08', '20:57:32', 2);
insert into Partita values(9, 11, '2021-01-09', '03:53:15', 3);
insert into Partita values(9, 11, '2021-01-05', '11:10:50', 3);
insert into Partita values(9, 11, '2020-12-25', '08:03:45', 1);
insert into Partita values(9, 11, '2021-01-14', '03:48:12', 4);
insert into Partita values(9, 11, '2021-01-13', '15:08:38', 3);
insert into Partita values(9, 11, '2020-12-29', '09:05:53', 3);
insert into Preferenza values(9, 11);
insert into Partita values(9, 14, '2021-01-08', '00:17:00', 1);
insert into Partita values(9, 14, '2020-12-22', '04:35:46', 2);
insert into Partita values(9, 14, '2021-01-08', '21:25:43', 2);
insert into Partita values(9, 14, '2021-01-07', '06:36:04', 3);
insert into Partita values(9, 14, '2020-12-28', '05:11:07', 1);
insert into Partita values(9, 14, '2020-12-19', '09:41:14', 2);
insert into Partita values(9, 14, '2020-12-24', '10:04:16', 2);
insert into Partita values(9, 14, '2020-12-22', '18:22:20', 4);
insert into Preferenza values(9, 14);
insert into Piano(id, id_usr, tipologia, data_acquisto, ora_acquisto, data_fine, ora_fine) values(17, 10, 'Gratuito', '2021-02-06', '16:23:45', '2021-03-06', '12:29:29');
insert into Piano(id, id_usr, tipologia, data_acquisto, ora_acquisto, data_fine, ora_fine) values(18, 10, 'Mensile', '2021-03-06', '00:02:26', '2021-04-06', '12:05:41');
insert into Piano(id, id_usr, tipologia, data_acquisto, ora_acquisto, data_fine, ora_fine) values(19, 10, 'Annuale', '2021-04-06', '20:41:01', '2022-04-06', '13:47:08');
insert into Partita values(10, 1, '2021-02-25', '08:27:51', 4);
insert into Partita values(10, 1, '2022-01-27', '02:04:44', 4);
insert into Partita values(10, 1, '2021-12-14', '06:02:25', 2);
insert into Acquisto values(7, 10, '2021-10-05', '13:31:26');
insert into Partita values(10, 2, '2022-01-07', '11:42:37', 4);
insert into Partita values(10, 2, '2021-10-19', '07:14:41', 3);
insert into Partita values(10, 2, '2022-02-25', '23:53:22', 4);
insert into Partita values(10, 4, '2021-10-20', '18:41:10', 4);
insert into Partita values(10, 4, '2021-05-07', '09:20:15', 4);
insert into Partita values(10, 4, '2021-12-04', '09:49:05', 2);
insert into Partita values(10, 4, '2021-11-17', '23:59:49', 3);
insert into Partita values(10, 4, '2021-08-12', '03:08:59', 4);
insert into Partita values(10, 4, '2021-11-30', '14:57:17', 4);
insert into Partita values(10, 4, '2021-10-10', '05:21:39', 3);
insert into Partita values(10, 5, '2021-09-26', '15:53:31', 1);
insert into Partita values(10, 5, '2021-12-25', '17:46:05', 4);
insert into Partita values(10, 5, '2021-08-26', '07:51:49', 2);
insert into Partita values(10, 5, '2022-01-07', '15:31:29', 1);
insert into Partita values(10, 5, '2021-03-06', '08:54:14', 2);
insert into Partita values(10, 5, '2021-06-30', '08:00:31', 1);
insert into Partita values(10, 5, '2021-03-01', '12:31:53', 3);
insert into Partita values(10, 6, '2021-08-21', '03:57:00', 3);
insert into Partita values(10, 6, '2022-03-01', '17:11:45', 2);
insert into Partita values(10, 6, '2021-07-26', '21:49:30', 2);
insert into Partita values(10, 6, '2021-03-13', '11:55:41', 1);
insert into Partita values(10, 6, '2022-03-31', '08:41:33', 1);
insert into Partita values(10, 6, '2021-09-04', '13:49:28', 4);
insert into Partita values(10, 6, '2021-09-10', '13:53:38', 4);
insert into Partita values(10, 6, '2022-01-16', '03:40:01', 3);
insert into Partita values(10, 6, '2021-09-03', '05:01:53', 1);
insert into Acquisto values(54, 10, '2021-08-29', '09:11:44');
insert into Partita values(10, 7, '2021-02-15', '23:58:37', 3);
insert into Partita values(10, 7, '2022-01-21', '04:35:28', 2);
insert into Partita values(10, 7, '2021-11-26', '16:19:57', 2);
insert into Partita values(10, 7, '2021-09-27', '17:38:35', 3);
insert into Partita values(10, 7, '2021-02-20', '18:37:20', 1);
insert into Partita values(10, 7, '2022-03-23', '11:35:35', 1);
insert into Partita values(10, 7, '2021-02-12', '06:56:46', 1);
insert into Partita values(10, 7, '2021-04-17', '09:35:10', 3);
insert into Acquisto values(62, 10, '2021-03-12', '13:50:00');
insert into Partita values(10, 8, '2021-04-19', '07:00:07', 1);
insert into Partita values(10, 8, '2021-06-08', '09:05:32', 1);
insert into Partita values(10, 8, '2021-12-16', '09:22:04', 3);
insert into Partita values(10, 8, '2022-03-15', '07:01:09', 2);
insert into Partita values(10, 8, '2021-12-26', '18:47:58', 3);
insert into Partita values(10, 8, '2021-07-12', '01:48:47', 3);
insert into Partita values(10, 8, '2021-11-26', '12:29:37', 4);
insert into Partita values(10, 8, '2022-01-21', '09:10:40', 2);
insert into Partita values(10, 8, '2021-07-04', '15:33:59', 4);
insert into Partita values(10, 8, '2021-12-08', '15:26:59', 2);
insert into Preferenza values(10, 8);
insert into Partita values(10, 11, '2021-04-02', '09:10:55', 4);
insert into Partita values(10, 11, '2022-03-08', '01:00:02', 4);
insert into Partita values(10, 11, '2021-11-19', '01:26:40', 3);
insert into Partita values(10, 11, '2021-12-25', '10:10:32', 2);
insert into Partita values(10, 11, '2021-04-26', '07:55:06', 4);
insert into Partita values(10, 11, '2022-01-05', '14:32:16', 4);
insert into Partita values(10, 11, '2022-01-18', '11:55:17', 3);
insert into Partita values(10, 11, '2021-12-15', '01:36:23', 2);
insert into Partita values(10, 14, '2021-06-14', '14:44:50', 3);
insert into Partita values(10, 14, '2021-11-04', '17:57:06', 2);
insert into Preferenza values(10, 14);
insert into Piano(id, id_usr, tipologia, data_acquisto, ora_acquisto, data_fine, ora_fine) values(20, 11, 'Gratuito', '2021-05-16', '04:09:05', '2021-06-16', '08:05:42');
insert into Piano(id, id_usr, tipologia, data_acquisto, ora_acquisto, data_fine, ora_fine) values(21, 11, 'Mensile', '2021-06-16', '22:05:12', '2021-07-16', '10:37:16');
insert into Partita values(11, 1, '2021-05-28', '23:10:01', 1);
insert into Partita values(11, 1, '2021-07-10', '13:04:06', 3);
insert into Partita values(11, 1, '2021-05-24', '22:17:56', 2);
insert into Partita values(11, 1, '2021-05-24', '12:24:09', 1);
insert into Partita values(11, 1, '2021-06-02', '10:37:59', 1);
insert into Partita values(11, 1, '2021-06-28', '17:14:41', 3);
insert into Partita values(11, 1, '2021-06-26', '08:00:19', 4);
insert into Partita values(11, 1, '2021-05-23', '22:31:30', 4);
insert into Partita values(11, 1, '2021-07-05', '08:37:05', 3);
insert into Partita values(11, 1, '2021-06-05', '01:01:45', 1);
insert into Partita values(11, 5, '2021-06-18', '05:38:01', 2);
insert into Partita values(11, 5, '2021-05-20', '23:54:15', 1);
insert into Partita values(11, 5, '2021-06-24', '10:04:56', 2);
insert into Partita values(11, 5, '2021-06-14', '19:11:49', 2);
insert into Partita values(11, 5, '2021-06-04', '03:57:31', 1);
insert into Partita values(11, 5, '2021-05-24', '19:23:08', 2);
insert into Partita values(11, 5, '2021-05-23', '04:35:35', 1);
insert into Partita values(11, 5, '2021-06-25', '02:33:14', 2);
insert into Partita values(11, 5, '2021-07-01', '02:58:16', 2);
insert into Preferenza values(11, 5);
insert into Partita values(11, 6, '2021-07-07', '15:56:01', 1);
insert into Partita values(11, 6, '2021-06-06', '16:06:07', 1);
insert into Preferenza values(11, 6);
insert into Acquisto values(55, 11, '2021-05-21', '08:36:33');
insert into Partita values(11, 7, '2021-07-14', '09:00:32', 1);
insert into Partita values(11, 7, '2021-07-12', '05:03:55', 4);
insert into Partita values(11, 7, '2021-06-21', '12:50:48', 2);
insert into Partita values(11, 7, '2021-05-27', '19:59:28', 3);
insert into Partita values(11, 7, '2021-06-22', '18:24:10', 4);
insert into Partita values(11, 8, '2021-05-31', '17:37:53', 1);
insert into Partita values(11, 8, '2021-06-04', '02:41:39', 1);
insert into Partita values(11, 8, '2021-07-08', '03:22:05', 2);
insert into Partita values(11, 8, '2021-07-11', '22:35:49', 1);
insert into Partita values(11, 8, '2021-06-18', '06:02:07', 2);
insert into Preferenza values(11, 8);
insert into Acquisto values(67, 11, '2021-06-24', '20:29:05');
insert into Partita values(11, 10, '2021-06-07', '10:37:16', 3);
insert into Partita values(11, 10, '2021-06-02', '17:17:00', 3);
insert into Acquisto values(77, 11, '2021-07-13', '16:43:03');
insert into Partita values(11, 11, '2021-07-02', '03:41:51', 1);
insert into Partita values(11, 11, '2021-06-04', '02:13:43', 1);
insert into Partita values(11, 11, '2021-06-15', '07:34:35', 3);
insert into Partita values(11, 11, '2021-07-14', '12:41:49', 2);
insert into Partita values(11, 11, '2021-06-23', '21:37:09', 1);
insert into Partita values(11, 11, '2021-06-23', '15:43:22', 3);
insert into Partita values(11, 11, '2021-06-03', '22:27:04', 2);
insert into Partita values(11, 11, '2021-06-21', '06:39:04', 4);
insert into Partita values(11, 11, '2021-05-19', '17:19:12', 2);
insert into Partita values(11, 14, '2021-07-12', '14:17:22', 4);
insert into Partita values(11, 14, '2021-06-24', '21:49:05', 2);
insert into Partita values(11, 14, '2021-07-12', '00:44:42', 2);
insert into Partita values(11, 14, '2021-07-08', '09:32:42', 1);
insert into Preferenza values(11, 14);
insert into Sessione(id_vg, id_creatore, data, ora, tempo_trascorso) values(1, 8, '2020-11-20', '02:57:08', 3);
insert into Partecipazione(id_usr, id_session) values(5, 1);
insert into Partecipazione(id_usr, id_session) values(8, 1);
insert into Sessione(id_vg, id_creatore, data, ora, tempo_trascorso) values(1, 3, '2020-09-09', '18:49:14', 2);
insert into Partecipazione(id_usr, id_session) values(2, 2);
insert into Partecipazione(id_usr, id_session) values(3, 2);
insert into Sessione(id_vg, id_creatore, data, ora, tempo_trascorso) values(1, 5, '2020-11-10', '09:37:13', 4);
insert into Partecipazione(id_usr, id_session) values(5, 3);
insert into Partecipazione(id_usr, id_session) values(8, 3);
insert into Sessione(id_vg, id_creatore, data, ora, tempo_trascorso) values(1, 9, '2020-12-17', '10:08:20', 3);
insert into Partecipazione(id_usr, id_session) values(8, 4);
insert into Partecipazione(id_usr, id_session) values(9, 4);
insert into Sessione(id_vg, id_creatore, data, ora, tempo_trascorso) values(1, 1, '2020-10-04', '10:36:49', 1);
insert into Partecipazione(id_usr, id_session) values(1, 5);
insert into Partecipazione(id_usr, id_session) values(3, 5);
insert into Sessione(id_vg, id_creatore, data, ora, tempo_trascorso) values(1, 1, '2020-10-03', '16:26:40', 4);
insert into Partecipazione(id_usr, id_session) values(1, 6);
insert into Partecipazione(id_usr, id_session) values(3, 6);
insert into Sessione(id_vg, id_creatore, data, ora, tempo_trascorso) values(1, 10, '2021-05-06', '07:17:29', 2);
insert into Partecipazione(id_usr, id_session) values(6, 7);
insert into Partecipazione(id_usr, id_session) values(10, 7);
insert into Sessione(id_vg, id_creatore, data, ora, tempo_trascorso) values(1, 10, '2021-02-24', '21:11:16', 2);
insert into Partecipazione(id_usr, id_session) values(6, 8);
insert into Partecipazione(id_usr, id_session) values(10, 8);
insert into Sessione(id_vg, id_creatore, data, ora, tempo_trascorso) values(1, 8, '2020-11-10', '11:42:49', 3);
insert into Partecipazione(id_usr, id_session) values(5, 9);
insert into Partecipazione(id_usr, id_session) values(8, 9);
insert into Sessione(id_vg, id_creatore, data, ora, tempo_trascorso) values(1, 5, '2020-11-22', '03:40:30', 1);
insert into Partecipazione(id_usr, id_session) values(5, 10);
insert into Partecipazione(id_usr, id_session) values(8, 10);
insert into Sessione(id_vg, id_creatore, data, ora, tempo_trascorso) values(6, 6, '2021-05-12', '23:49:54', 1);
insert into Partecipazione(id_usr, id_session) values(6, 11);
insert into Partecipazione(id_usr, id_session) values(10, 11);
insert into Sessione(id_vg, id_creatore, data, ora, tempo_trascorso) values(6, 6, '2021-05-15', '18:04:06', 2);
insert into Partecipazione(id_usr, id_session) values(6, 12);
insert into Partecipazione(id_usr, id_session) values(10, 12);
insert into Sessione(id_vg, id_creatore, data, ora, tempo_trascorso) values(6, 7, '2021-04-01', '11:32:14', 1);
insert into Partecipazione(id_usr, id_session) values(6, 13);
insert into Partecipazione(id_usr, id_session) values(7, 13);
insert into Partecipazione(id_usr, id_session) values(10, 13);
insert into Sessione(id_vg, id_creatore, data, ora, tempo_trascorso) values(6, 11, '2021-05-24', '17:32:57', 3);
insert into Partecipazione(id_usr, id_session) values(6, 14);
insert into Partecipazione(id_usr, id_session) values(10, 14);
insert into Partecipazione(id_usr, id_session) values(11, 14);
insert into Sessione(id_vg, id_creatore, data, ora, tempo_trascorso) values(6, 6, '2021-05-05', '11:24:40', 4);
insert into Partecipazione(id_usr, id_session) values(6, 15);
insert into Partecipazione(id_usr, id_session) values(10, 15);
insert into Sessione(id_vg, id_creatore, data, ora, tempo_trascorso) values(6, 3, '2020-09-10', '09:06:03', 3);
insert into Partecipazione(id_usr, id_session) values(2, 16);
insert into Partecipazione(id_usr, id_session) values(3, 16);
insert into Sessione(id_vg, id_creatore, data, ora, tempo_trascorso) values(6, 6, '2021-02-27', '02:21:27', 3);
insert into Partecipazione(id_usr, id_session) values(6, 17);
insert into Partecipazione(id_usr, id_session) values(10, 17);
insert into Sessione(id_vg, id_creatore, data, ora, tempo_trascorso) values(8, 10, '2021-04-27', '14:40:42', 2);
insert into Partecipazione(id_usr, id_session) values(6, 18);
insert into Partecipazione(id_usr, id_session) values(10, 18);
insert into Sessione(id_vg, id_creatore, data, ora, tempo_trascorso) values(14, 7, '2021-03-25', '04:50:15', 2);
insert into Partecipazione(id_usr, id_session) values(6, 19);
insert into Partecipazione(id_usr, id_session) values(7, 19);
