drop table if exists Acquisto;
drop table if exists CopiaVideogioco;
drop table if exists Partita;
drop table if exists Preferenza;
drop table if exists PianoCancellato;
drop table if exists Piano;
drop table if exists TipologiaPiano;
drop table if exists Partecipazione;
drop table if exists Sessione;
drop table if exists VideogiocoMultiplayer;
drop table if exists Utente;
drop table if exists Videogioco;

create table Utente (
    id              int                 primary key auto_increment,
    nome            varchar(255)        not null,
    cognome         varchar(255)        not null,
    password        varchar(255)        not null,
    email           varchar(255)        not null,
    telefono        int
);

create table Videogioco (
    id              int                 primary key auto_increment,
    titolo          varchar(255)        not null,
    genere          varchar(255),
    anno            year,
    azienda         varchar(255),
    produttore      varchar(255),
    prezzo          int
);

create table CopiaVideogioco (
    id              int                 primary key auto_increment,
    id_vg           int                 not null references Videogioco(id)
);

create table Acquisto (
    id_copia        int                 not null references CopiaVideogioco(id),
    id_usr          int                 not null references Utente(id),
    data_acquisto   datetime,
    unique (id_copia, id_usr)
);

create table Partita (
    id_usr          int                 not null references Utente(id),
    id_vg           int                 not null references Videogioco(id),
    data            datetime            not null,
    ore_gioco       int,
    unique (id_usr, id_vg, data)
);

create table Preferenza (
    id_usr          int                 not null references Utente(id),
    id_vg           int                 not null references Videogioco(id),
    unique (id_usr, id_vg)
);

create table VideogiocoMultiplayer (
    id_vg           int                 primary key references Videogioco(id),
    min_giocatori   int                 default 1,
    max_giocatori   int
);

create table TipologiaPiano (
    tipologia       enum('Gratuito',
                         'Mensile',
                         'Annuale')     primary key,
    costo           int                 not null
);

create table Piano (
    id              int                 primary key auto_increment,
    id_usr          int                 not null references Utente(id),
    tipologia       enum('Gratuito',
                         'Mensile',
                         'Annuale')     not null references TipologiaPiano(tipologia),
    data_acquisto   date                not null,
    ora_acquisto    time                not null
);

create table PianoCancellato (
    id              int                 primary key references Piano(id),
    data_canc       date                not null,
    ora_canc        time                not null
);

create table Sessione (
    id              int                 primary key,
    id_vg           int                 not null references VideogiocoMultiplayer(id_vg),
    id_creatore     int                 not null references Utente(id),
    data            date,
    tempo_trascorso int
);

create table Partecipazione (
    id_usr          int                 not null references Utente(id),
    id_session      int                 not null references Sessione(id),
    unique(id_usr, id_session)
);

create index ind_utente_id                  on Utente(id);
create index ind_vg_id                      on Videogioco(id);
create index ind_cv_id                      on CopiaVideogioco(id);
create index ind_vgm_id_vg                  on VideogiocoMultiplayer(id_vg);
create index ind_tipo_tipo                  on TipologiaPiano(tipologia);
create index ind_piano_id                   on Piano(id);
create index ind_piano_canc_id              on PianoCancellato(id);

create index indFK_cv_id_vg                 on CopiaVideogioco(id_vg);
create index indFK_acq_id_copia             on Acquisto(id_copia);
create index indFK_acq_id_usr               on Acquisto(id_usr);
create index indFK_partita_id_usr           on Partita(id_usr);
create index indFK_partita_id_vg            on Partita(id_vg);
create index indFK_preferenza_id_usr        on Preferenza(id_usr);
create index indFK_preferenza_id_vg         on Preferenza(id_vg);
create index indFK_piano_id_usr             on Piano(id_usr);
create index indFK_piano_tipologia          on Piano(tipologia);
create index indFK_sessione_id_vg           on Sessione(id_vg);
create index indFK_sessione_id_creatore     on Sessione(id_creatore);
create index indFK_part_id_usr              on Partecipazione(id_usr);
create index indFK_part_id_session          on Partecipazione(id_session);

insert into Utente(nome, cognome, password, email) values('Christian', 'Ricci', 'abc', 'chri@mail.com');
insert into Utente(nome, cognome, password, email) values('Roberto', 'Montalti', 'def', 'rob@mail.com');
insert into Utente(nome, cognome, password, email) values('Juri', 'Simoncini', 'ghi', 'juri@mail.com');
insert into Utente(nome, cognome, password, email) values('Edoardo', 'Savini', 'jkl', 'sedoardo98@mail.com');
insert into Utente(nome, cognome, password, email) values('Giacomo', 'Cavalieri', 'mno', 'giaccava@mail.com');
insert into Utente(nome, cognome, password, email) values('Chad', 'Smith', 'pqr', 'chad@mail.com');
insert into Utente(nome, cognome, password, email) values('Federico', 'Orazio', 'stu', 'orazio@mail.com');
insert into Utente(nome, cognome, password, email) values('Dario', 'Ketchup', 'vwx', 'ketchup@mail.com');
insert into Utente(nome, cognome, password, email) values('Gianluca', 'Migliarini', 'yz', 'gianlu@mail.com');
insert into Utente(nome, cognome, password, email) values('Simone', 'Rega', 'abcdef', 'rega@mail.com');
insert into Utente(nome, cognome, password, email) values('Francesco', 'Tappi', 'ghijk', 'tappi@mail.com');

insert into Videogioco(titolo, genere, anno, azienda, produttore, prezzo) values('Super Mario World', 'Platformer', 1990, 'Nintendo', 'Shigeru Miyamoto', 30);
insert into Videogioco(titolo, genere, anno, azienda, produttore, prezzo) values('Touhou 6', 'Danmaku', 2002, 'Team Alice', 'ZUN', 20);
insert into Videogioco(titolo, genere, anno, azienda, produttore, prezzo) values('DOOM', 'FPS', 1993, 'id Software', 'John Carmack', 20);
insert into Videogioco(titolo, genere, anno, azienda, produttore, prezzo) values('EarthBound', 'JRPG', 1995, 'Nintendo', 'Shigesato Itoi', 30);
insert into Videogioco(titolo, genere, anno, azienda, produttore, prezzo) values('Overwatch', 'FPS', 2016, 'Blizzard', 'Jeff Kaplam', 60);
insert into Videogioco(titolo, genere, anno, azienda, produttore, prezzo) values('Genshin Impact', 'ARPG', 2020, 'miHoYo', NULL, 20);
insert into Videogioco(titolo, genere, anno, azienda, produttore, prezzo) values('Celeste', 'Platformer', 2018, 'Extremely OK Games', 'Maddy Thorson', 20);
insert into Videogioco(titolo, genere, anno, azienda, produttore, prezzo) values('Rocket League', 'Sport', 2015, 'Psyonix Studios', NULL, 30);
insert into Videogioco(titolo, genere, anno, azienda, produttore, prezzo) values('DOOM Eternal', 'FPS', 2020, 'id Software', 'Hugo Martin', 60);
insert into Videogioco(titolo, genere, anno, azienda, produttore, prezzo) values('Super Mario 64', 'Platformer', 1997, 'Nintendo', 'Shigeru Myamoto', 20);
insert into Videogioco(titolo, genere, anno, azienda, produttore, prezzo) values('Rainbow Six Siege', 'FPS', 2015, 'Ubisoft', 'Xavier Marquis', 60);
insert into Videogioco(titolo, genere, anno, azienda, produttore, prezzo) values('Final Fantasy VII', 'JRPG', 1997, 'Square', 'Yoshinori Kitase', 30);
insert into Videogioco(titolo, genere, anno, azienda, produttore, prezzo) values('Cave Story', 'Platformer', 2004, 'Nicalis', 'Pixel', 10);
insert into Videogioco(titolo, genere, anno, azienda, produttore, prezzo) values('KrunkerIO', 'FPS', 2015, NULL, NULL, NULL);

insert into VideogiocoMultiplayer values(1, 1, 2);
insert into VideogiocoMultiplayer values(5, 4, 10);
insert into VideogiocoMultiplayer values(6, 1, 3);
insert into VideogiocoMultiplayer values(8, 2, 4);
insert into VideogiocoMultiplayer values(11, 3, 10);
insert into VideogiocoMultiplayer values(14, 1, 10);

insert into TipologiaPiano values('Gratuito', 0);
insert into TipologiaPiano values('Mensile', 10);
insert into TipologiaPiano values('Annuale', 100);

insert into CopiaVideogioco values(1, 1);
insert into CopiaVideogioco values(2, 1);
insert into CopiaVideogioco values(3, 2);
insert into CopiaVideogioco values(4, 2);
insert into CopiaVideogioco values(5, 2);
insert into CopiaVideogioco values(6, 2);
insert into CopiaVideogioco values(7, 3);
insert into CopiaVideogioco values(8, 3);
insert into CopiaVideogioco values(9, 4);
insert into CopiaVideogioco values(10, 4);
insert into CopiaVideogioco values(11, 4);
insert into CopiaVideogioco values(12, 4);
insert into CopiaVideogioco values(13, 4);
insert into CopiaVideogioco values(14, 4);
insert into CopiaVideogioco values(15, 4);
insert into CopiaVideogioco values(16, 4);
insert into CopiaVideogioco values(17, 4);
insert into CopiaVideogioco values(18, 5);
insert into CopiaVideogioco values(19, 5);
insert into CopiaVideogioco values(20, 5);
insert into CopiaVideogioco values(21, 5);
insert into CopiaVideogioco values(22, 5);
insert into CopiaVideogioco values(23, 5);
insert into CopiaVideogioco values(24, 5);
insert into CopiaVideogioco values(25, 5);
insert into CopiaVideogioco values(26, 5);
insert into CopiaVideogioco values(27, 5);
insert into CopiaVideogioco values(28, 5);
insert into CopiaVideogioco values(29, 5);
insert into CopiaVideogioco values(30, 6);
insert into CopiaVideogioco values(31, 6);
insert into CopiaVideogioco values(32, 6);
insert into CopiaVideogioco values(33, 6);
insert into CopiaVideogioco values(34, 6);
insert into CopiaVideogioco values(35, 6);
insert into CopiaVideogioco values(36, 6);
insert into CopiaVideogioco values(37, 6);
insert into CopiaVideogioco values(38, 6);
insert into CopiaVideogioco values(39, 7);
insert into CopiaVideogioco values(40, 7);
insert into CopiaVideogioco values(41, 7);
insert into CopiaVideogioco values(42, 7);
insert into CopiaVideogioco values(43, 7);
insert into CopiaVideogioco values(44, 7);
insert into CopiaVideogioco values(45, 7);
insert into CopiaVideogioco values(46, 7);
insert into CopiaVideogioco values(47, 8);
insert into CopiaVideogioco values(48, 8);
insert into CopiaVideogioco values(49, 8);
insert into CopiaVideogioco values(50, 8);
insert into CopiaVideogioco values(51, 8);
insert into CopiaVideogioco values(52, 8);
insert into CopiaVideogioco values(53, 8);
insert into CopiaVideogioco values(54, 8);
insert into CopiaVideogioco values(55, 10);
insert into CopiaVideogioco values(56, 10);
insert into CopiaVideogioco values(57, 10);
insert into CopiaVideogioco values(58, 10);
insert into CopiaVideogioco values(59, 10);
insert into CopiaVideogioco values(60, 10);
insert into CopiaVideogioco values(61, 10);
insert into CopiaVideogioco values(62, 10);
insert into CopiaVideogioco values(63, 10);
insert into CopiaVideogioco values(64, 10);
insert into CopiaVideogioco values(65, 10);
insert into CopiaVideogioco values(66, 10);
insert into CopiaVideogioco values(67, 10);
insert into CopiaVideogioco values(68, 10);
insert into CopiaVideogioco values(69, 11);
insert into CopiaVideogioco values(70, 11);
insert into CopiaVideogioco values(71, 11);
insert into CopiaVideogioco values(72, 12);
insert into CopiaVideogioco values(73, 12);
insert into CopiaVideogioco values(74, 12);
insert into CopiaVideogioco values(75, 12);
insert into CopiaVideogioco values(76, 12);
insert into CopiaVideogioco values(77, 13);
insert into CopiaVideogioco values(78, 13);
insert into CopiaVideogioco values(79, 13);
insert into CopiaVideogioco values(80, 13);
insert into CopiaVideogioco values(81, 13);
insert into CopiaVideogioco values(82, 13);
insert into Piano(id, id_usr, tipologia, data_acquisto, ora_acquisto) values(1, 1, 'Gratuito', '2021-04-25', '10:56:49');
insert into Partita values(1, 1, '2021-05-14 13:14:09', 3);
insert into Partita values(1, 1, '2021-05-13 23:24:01', 4);
insert into Partita values(1, 1, '2021-05-07 10:15:04', 3);
insert into Partita values(1, 1, '2021-05-17 00:00:32', 3);
insert into Partita values(1, 1, '2021-05-19 03:21:44', 2);
insert into Partita values(1, 1, '2021-05-20 10:52:42', 4);
insert into Partita values(1, 1, '2021-05-01 23:46:36', 2);
insert into Partita values(1, 1, '2021-05-21 11:36:49', 1);
insert into Partita values(1, 1, '2021-05-13 16:16:16', 4);
insert into Preferenza values(1, 1);
insert into Partita values(1, 4, '2021-05-05 13:38:24', 2);
insert into Partita values(1, 4, '2021-04-30 08:04:11', 1);
insert into Preferenza values(1, 4);
insert into Partita values(1, 5, '2021-05-01 15:33:16', 4);
insert into Partita values(1, 5, '2021-05-11 22:49:48', 1);
insert into Partita values(1, 5, '2021-05-04 15:29:30', 3);
insert into Partita values(1, 5, '2021-05-18 21:48:33', 4);
insert into Partita values(1, 5, '2021-05-07 17:24:43', 2);
insert into Partita values(1, 5, '2021-05-20 23:39:51', 2);
insert into Partita values(1, 5, '2021-05-25 02:36:29', 3);
insert into Preferenza values(1, 5);
insert into Partita values(1, 6, '2021-05-06 21:58:38', 2);
insert into Partita values(1, 8, '2021-04-25 05:52:10', 1);
insert into Partita values(1, 8, '2021-05-18 16:00:58', 3);
insert into Acquisto values(47, 1, '2021-05-09 10:51:02');
insert into Partita values(1, 11, '2021-05-20 23:52:26', 3);
insert into Partita values(1, 11, '2021-05-01 10:25:15', 2);
insert into Partita values(1, 11, '2021-05-19 08:51:27', 2);
insert into Partita values(1, 11, '2021-05-13 16:43:17', 4);
insert into Partita values(1, 11, '2021-05-20 04:04:05', 1);
insert into Preferenza values(1, 11);
insert into Acquisto values(69, 1, '2021-04-30 11:45:47');
insert into Partita values(1, 13, '2021-04-30 14:36:51', 3);
insert into Partita values(1, 13, '2021-05-20 11:57:54', 2);
insert into Partita values(1, 13, '2021-05-14 23:02:10', 1);
insert into Partita values(1, 13, '2021-05-10 00:11:16', 3);
insert into Partita values(1, 13, '2021-05-12 04:46:18', 1);
insert into Partita values(1, 13, '2021-05-13 14:50:36', 4);
insert into Partita values(1, 13, '2021-05-06 14:42:13', 1);
insert into Partita values(1, 13, '2021-04-26 13:07:30', 1);
insert into Partita values(1, 14, '2021-05-17 06:24:05', 3);
insert into Partita values(1, 14, '2021-05-15 09:55:17', 3);
insert into Preferenza values(1, 14);
insert into Piano(id, id_usr, tipologia, data_acquisto, ora_acquisto) values(2, 2, 'Gratuito', '2021-05-11', '01:14:27');
insert into Piano(id, id_usr, tipologia, data_acquisto, ora_acquisto) values(3, 2, 'Mensile', '2021-06-11', '12:22:04');
insert into PianoCancellato values(3, '2021-06-27', '01:06:23');
insert into Piano(id, id_usr, tipologia, data_acquisto, ora_acquisto) values(4, 2, 'Annuale', '2021-06-27', '12:54:06');
insert into PianoCancellato values(4, '2021-07-14', '03:39:55');
insert into Partita values(2, 1, '2021-05-23 16:26:54', 3);
insert into Partita values(2, 1, '2021-06-28 13:18:54', 1);
insert into Partita values(2, 1, '2021-05-20 14:32:58', 4);
insert into Partita values(2, 1, '2021-07-04 07:01:02', 4);
insert into Partita values(2, 1, '2021-05-31 13:49:26', 3);
insert into Preferenza values(2, 1);
insert into Partita values(2, 4, '2021-05-19 15:07:24', 3);
insert into Partita values(2, 4, '2021-06-22 02:12:02', 3);
insert into Partita values(2, 4, '2021-06-14 11:26:50', 3);
insert into Partita values(2, 4, '2021-06-12 09:21:43', 2);
insert into Partita values(2, 4, '2021-06-12 21:19:31', 3);
insert into Partita values(2, 4, '2021-07-11 18:04:50', 2);
insert into Preferenza values(2, 4);
insert into Acquisto values(9, 2, '2021-06-29 16:55:05');
insert into Partita values(2, 5, '2021-06-30 13:12:59', 2);
insert into Partita values(2, 6, '2021-06-26 21:36:37', 1);
insert into Acquisto values(30, 2, '2021-07-03 04:11:48');
insert into Partita values(2, 8, '2021-07-04 05:40:00', 3);
insert into Partita values(2, 8, '2021-05-30 09:08:18', 4);
insert into Preferenza values(2, 8);
insert into Acquisto values(48, 2, '2021-07-02 05:09:58');
insert into Partita values(2, 9, '2021-07-06 22:48:07', 4);
insert into Partita values(2, 9, '2021-06-21 13:31:08', 3);
insert into Partita values(2, 9, '2021-05-31 09:35:15', 1);
insert into Partita values(2, 9, '2021-06-08 21:49:55', 1);
insert into Partita values(2, 10, '2021-06-24 11:30:13', 4);
insert into Partita values(2, 10, '2021-06-14 01:58:35', 3);
insert into Partita values(2, 10, '2021-05-15 04:00:09', 2);
insert into Partita values(2, 10, '2021-05-20 23:33:23', 3);
insert into Preferenza values(2, 10);
insert into Partita values(2, 11, '2021-05-27 18:57:19', 3);
insert into Partita values(2, 11, '2021-05-13 11:28:40', 1);
insert into Partita values(2, 11, '2021-06-20 09:19:36', 1);
insert into Partita values(2, 11, '2021-06-18 18:09:07', 2);
insert into Partita values(2, 11, '2021-06-22 20:42:30', 3);
insert into Partita values(2, 11, '2021-06-25 03:42:46', 4);
insert into Partita values(2, 11, '2021-06-13 10:18:36', 2);
insert into Partita values(2, 11, '2021-06-28 14:39:05', 3);
insert into Partita values(2, 11, '2021-05-25 08:05:56', 1);
insert into Preferenza values(2, 11);
insert into Acquisto values(70, 2, '2021-07-02 14:36:25');
insert into Partita values(2, 12, '2021-06-30 02:02:38', 4);
insert into Partita values(2, 12, '2021-07-01 23:35:24', 4);
insert into Partita values(2, 12, '2021-05-24 18:37:08', 3);
insert into Partita values(2, 12, '2021-06-15 22:38:55', 2);
insert into Partita values(2, 12, '2021-07-03 03:21:50', 4);
insert into Preferenza values(2, 12);
insert into Partita values(2, 13, '2021-05-29 08:03:33', 2);
insert into Partita values(2, 13, '2021-06-24 16:09:31', 1);
insert into Acquisto values(77, 2, '2021-05-31 22:30:26');
insert into Partita values(2, 14, '2021-07-04 07:03:13', 3);
insert into Partita values(2, 14, '2021-07-03 17:56:59', 3);
insert into Partita values(2, 14, '2021-06-20 00:42:42', 2);
insert into Partita values(2, 14, '2021-07-09 20:58:23', 1);
insert into Partita values(2, 14, '2021-06-22 08:32:02', 3);
insert into Piano(id, id_usr, tipologia, data_acquisto, ora_acquisto) values(5, 3, 'Gratuito', '2021-02-25', '07:41:20');
insert into Piano(id, id_usr, tipologia, data_acquisto, ora_acquisto) values(6, 3, 'Mensile', '2021-03-25', '10:48:07');
insert into Piano(id, id_usr, tipologia, data_acquisto, ora_acquisto) values(7, 3, 'Mensile', '2021-04-25', '08:15:10');
insert into PianoCancellato values(7, '2021-05-11', '01:05:02');
insert into Partita values(3, 1, '2021-03-21 03:54:24', 3);
insert into Partita values(3, 1, '2021-03-17 19:02:13', 3);
insert into Partita values(3, 1, '2021-04-02 21:00:56', 4);
insert into Partita values(3, 1, '2021-04-27 11:49:31', 2);
insert into Partita values(3, 1, '2021-04-27 20:37:37', 1);
insert into Partita values(3, 1, '2021-03-26 17:30:30', 3);
insert into Partita values(3, 1, '2021-03-07 13:37:51', 4);
insert into Preferenza values(3, 1);
insert into Acquisto values(1, 3, '2021-03-13 10:00:40');
insert into Partita values(3, 4, '2021-03-07 21:23:53', 2);
insert into Partita values(3, 4, '2021-05-01 08:52:11', 2);
insert into Partita values(3, 4, '2021-05-09 03:25:42', 2);
insert into Partita values(3, 4, '2021-03-16 00:02:17', 4);
insert into Partita values(3, 4, '2021-04-02 00:06:51', 4);
insert into Partita values(3, 4, '2021-04-25 06:23:31', 3);
insert into Partita values(3, 4, '2021-03-18 09:54:42', 4);
insert into Partita values(3, 5, '2021-02-25 20:38:46', 4);
insert into Partita values(3, 5, '2021-04-15 15:35:10', 4);
insert into Partita values(3, 5, '2021-03-04 05:56:22', 3);
insert into Partita values(3, 5, '2021-03-01 23:29:46', 1);
insert into Acquisto values(18, 3, '2021-03-24 18:47:23');
insert into Partita values(3, 6, '2021-03-03 03:22:33', 2);
insert into Partita values(3, 6, '2021-04-16 16:40:43', 3);
insert into Partita values(3, 6, '2021-03-07 20:09:47', 4);
insert into Partita values(3, 6, '2021-03-04 15:24:10', 1);
insert into Partita values(3, 6, '2021-04-17 07:12:38', 3);
insert into Acquisto values(31, 3, '2021-03-10 06:49:03');
insert into Partita values(3, 8, '2021-05-03 06:06:08', 2);
insert into Partita values(3, 8, '2021-04-08 15:15:43', 2);
insert into Partita values(3, 8, '2021-04-10 16:23:20', 4);
insert into Partita values(3, 8, '2021-03-11 13:06:22', 3);
insert into Partita values(3, 8, '2021-03-22 17:31:50', 3);
insert into Partita values(3, 8, '2021-03-25 03:58:15', 1);
insert into Partita values(3, 8, '2021-05-08 23:47:32', 3);
insert into Partita values(3, 8, '2021-03-06 11:12:18', 3);
insert into Preferenza values(3, 8);
insert into Acquisto values(49, 3, '2021-03-22 07:07:12');
insert into Partita values(3, 10, '2021-03-03 23:21:31', 4);
insert into Partita values(3, 10, '2021-03-13 14:41:09', 4);
insert into Partita values(3, 10, '2021-03-08 12:45:04', 2);
insert into Partita values(3, 10, '2021-04-26 13:37:28', 4);
insert into Partita values(3, 10, '2021-05-04 13:14:57', 1);
insert into Partita values(3, 10, '2021-04-30 14:24:21', 1);
insert into Partita values(3, 10, '2021-03-15 08:53:38', 3);
insert into Partita values(3, 10, '2021-03-18 22:45:28', 2);
insert into Partita values(3, 10, '2021-03-15 21:44:37', 3);
insert into Partita values(3, 10, '2021-04-30 15:57:27', 3);
insert into Preferenza values(3, 10);
insert into Acquisto values(55, 3, '2021-03-29 20:37:13');
insert into Partita values(3, 11, '2021-05-08 08:23:26', 2);
insert into Partita values(3, 11, '2021-04-16 19:05:25', 1);
insert into Partita values(3, 11, '2021-03-10 23:12:17', 1);
insert into Partita values(3, 11, '2021-04-19 18:05:58', 1);
insert into Partita values(3, 11, '2021-03-04 10:38:07', 1);
insert into Partita values(3, 11, '2021-03-25 17:43:29', 1);
insert into Partita values(3, 11, '2021-03-27 14:42:44', 4);
insert into Partita values(3, 11, '2021-03-16 14:32:51', 3);
insert into Partita values(3, 11, '2021-04-05 10:11:46', 4);
insert into Partita values(3, 12, '2021-04-26 03:52:42', 1);
insert into Partita values(3, 12, '2021-04-03 17:04:05', 4);
insert into Partita values(3, 12, '2021-04-03 03:45:10', 3);
insert into Partita values(3, 12, '2021-03-17 06:20:24', 3);
insert into Partita values(3, 12, '2021-03-08 16:50:25', 1);
insert into Partita values(3, 12, '2021-04-13 03:18:58', 4);
insert into Partita values(3, 12, '2021-03-21 15:53:03', 3);
insert into Partita values(3, 12, '2021-05-10 21:38:09', 1);
insert into Partita values(3, 12, '2021-03-14 12:54:32', 1);
insert into Preferenza values(3, 12);
insert into Acquisto values(72, 3, '2021-03-08 05:21:47');
insert into Partita values(3, 14, '2021-05-07 03:36:55', 3);
insert into Partita values(3, 14, '2021-04-19 16:09:19', 4);
insert into Partita values(3, 14, '2021-04-12 00:11:16', 2);
insert into Partita values(3, 14, '2021-03-22 01:00:38', 2);
insert into Partita values(3, 14, '2021-04-29 19:43:20', 2);
insert into Partita values(3, 14, '2021-04-04 15:52:26', 3);
insert into Partita values(3, 14, '2021-03-02 18:30:54', 1);
insert into Partita values(3, 14, '2021-03-24 13:41:08', 4);
insert into Partita values(3, 14, '2021-03-30 04:31:48', 3);
insert into Partita values(3, 14, '2021-04-19 01:54:22', 4);
insert into Piano(id, id_usr, tipologia, data_acquisto, ora_acquisto) values(8, 4, 'Gratuito', '2021-04-23', '21:52:25');
insert into Piano(id, id_usr, tipologia, data_acquisto, ora_acquisto) values(9, 4, 'Mensile', '2021-05-23', '11:17:30');
insert into PianoCancellato values(9, '2021-06-08', '19:19:22');
insert into Piano(id, id_usr, tipologia, data_acquisto, ora_acquisto) values(10, 4, 'Annuale', '2021-06-08', '13:15:18');
insert into Partita values(4, 1, '2022-02-05 10:27:03', 1);
insert into Partita values(4, 1, '2022-02-22 03:31:10', 3);
insert into Partita values(4, 1, '2021-05-31 13:48:00', 4);
insert into Partita values(4, 1, '2021-06-28 23:30:04', 1);
insert into Partita values(4, 1, '2021-09-15 22:35:53', 3);
insert into Preferenza values(4, 1);
insert into Acquisto values(2, 4, '2021-11-02 05:43:32');
insert into Partita values(4, 2, '2021-04-29 04:08:05', 3);
insert into Partita values(4, 2, '2022-02-16 06:31:40', 2);
insert into Partita values(4, 2, '2021-09-13 21:25:02', 1);
insert into Partita values(4, 2, '2022-03-14 08:50:14', 4);
insert into Partita values(4, 2, '2021-07-17 14:09:58', 4);
insert into Preferenza values(4, 2);
insert into Partita values(4, 5, '2021-11-17 04:48:40', 2);
insert into Partita values(4, 5, '2021-11-09 17:40:45', 3);
insert into Acquisto values(19, 4, '2021-07-06 10:42:42');
insert into Partita values(4, 6, '2021-09-27 20:13:29', 4);
insert into Partita values(4, 8, '2021-11-14 18:19:19', 4);
insert into Partita values(4, 8, '2022-04-03 00:24:50', 3);
insert into Partita values(4, 8, '2021-05-08 09:08:11', 4);
insert into Partita values(4, 8, '2021-09-05 12:10:49', 3);
insert into Preferenza values(4, 8);
insert into Partita values(4, 9, '2022-03-30 08:46:10', 2);
insert into Partita values(4, 9, '2021-09-08 15:29:07', 3);
insert into Partita values(4, 9, '2021-05-25 11:20:42', 3);
insert into Partita values(4, 9, '2022-05-31 02:52:54', 1);
insert into Partita values(4, 9, '2021-07-14 11:24:23', 2);
insert into Partita values(4, 9, '2021-06-08 17:08:44', 4);
insert into Partita values(4, 9, '2021-05-08 16:43:39', 1);
insert into Partita values(4, 9, '2021-05-11 23:46:23', 1);
insert into Partita values(4, 9, '2021-12-11 10:17:10', 3);
insert into Preferenza values(4, 9);
insert into Partita values(4, 10, '2021-05-17 10:30:17', 1);
insert into Partita values(4, 10, '2022-05-19 06:19:53', 3);
insert into Partita values(4, 10, '2022-03-12 06:13:58', 3);
insert into Partita values(4, 10, '2022-01-20 15:23:44', 4);
insert into Partita values(4, 10, '2021-10-19 08:47:27', 1);
insert into Partita values(4, 10, '2021-06-29 03:55:00', 4);
insert into Partita values(4, 10, '2021-08-08 20:56:01', 3);
insert into Partita values(4, 10, '2021-09-21 10:39:22', 3);
insert into Preferenza values(4, 10);
insert into Acquisto values(56, 4, '2021-10-27 03:50:43');
insert into Partita values(4, 11, '2022-04-18 12:58:08', 4);
insert into Partita values(4, 11, '2021-06-14 16:30:09', 4);
insert into Partita values(4, 11, '2022-03-09 10:00:02', 4);
insert into Partita values(4, 11, '2021-07-04 18:00:27', 1);
insert into Partita values(4, 11, '2021-08-16 03:51:35', 3);
insert into Partita values(4, 11, '2021-11-12 18:06:45', 3);
insert into Partita values(4, 11, '2021-07-13 11:14:23', 3);
insert into Partita values(4, 11, '2021-07-28 04:05:48', 2);
insert into Acquisto values(71, 4, '2022-03-09 09:45:56');
insert into Partita values(4, 14, '2021-08-29 09:52:10', 2);
insert into Partita values(4, 14, '2022-06-03 12:58:05', 2);
insert into Partita values(4, 14, '2021-05-20 13:36:47', 1);
insert into Partita values(4, 14, '2022-05-20 09:51:43', 3);
insert into Partita values(4, 14, '2021-07-04 18:16:11', 2);
insert into Partita values(4, 14, '2021-08-07 18:59:22', 1);
insert into Partita values(4, 14, '2022-02-03 20:46:13', 1);
insert into Partita values(4, 14, '2021-09-17 06:24:59', 3);
insert into Partita values(4, 14, '2021-07-09 11:29:37', 2);
insert into Partita values(4, 14, '2022-05-20 15:14:26', 1);
insert into Preferenza values(4, 14);
insert into Piano(id, id_usr, tipologia, data_acquisto, ora_acquisto) values(11, 5, 'Gratuito', '2021-05-19', '23:08:14');
insert into Piano(id, id_usr, tipologia, data_acquisto, ora_acquisto) values(12, 5, 'Mensile', '2021-06-19', '02:17:51');
insert into PianoCancellato values(12, '2021-07-01', '21:25:58');
insert into Partita values(5, 1, '2021-06-16 03:11:31', 4);
insert into Partita values(5, 1, '2021-06-26 11:02:09', 3);
insert into Partita values(5, 1, '2021-05-26 05:21:42', 3);
insert into Partita values(5, 1, '2021-05-30 22:37:17', 4);
insert into Preferenza values(5, 1);
insert into Partita values(5, 2, '2021-06-11 13:22:55', 3);
insert into Partita values(5, 2, '2021-06-22 10:51:09', 2);
insert into Partita values(5, 2, '2021-05-27 14:09:41', 2);
insert into Partita values(5, 2, '2021-06-19 00:19:40', 2);
insert into Partita values(5, 2, '2021-06-30 16:52:05', 4);
insert into Partita values(5, 2, '2021-05-28 18:33:18', 1);
insert into Partita values(5, 2, '2021-06-18 09:51:38', 4);
insert into Partita values(5, 3, '2021-06-01 00:33:24', 1);
insert into Preferenza values(5, 3);
insert into Partita values(5, 4, '2021-05-27 10:50:48', 3);
insert into Partita values(5, 4, '2021-05-23 07:29:09', 2);
insert into Partita values(5, 4, '2021-05-28 11:15:04', 1);
insert into Partita values(5, 4, '2021-05-28 08:54:27', 3);
insert into Partita values(5, 4, '2021-05-30 10:53:43', 4);
insert into Partita values(5, 4, '2021-06-03 10:03:53', 3);
insert into Partita values(5, 4, '2021-06-09 00:01:10', 4);
insert into Partita values(5, 4, '2021-06-05 07:23:48', 4);
insert into Partita values(5, 4, '2021-06-14 15:36:23', 2);
insert into Partita values(5, 4, '2021-05-27 15:07:54', 1);
insert into Acquisto values(10, 5, '2021-06-12 10:32:13');
insert into Partita values(5, 5, '2021-05-22 11:07:06', 2);
insert into Partita values(5, 5, '2021-06-11 15:15:34', 4);
insert into Partita values(5, 5, '2021-06-10 04:16:13', 4);
insert into Partita values(5, 5, '2021-06-06 07:15:21', 3);
insert into Partita values(5, 5, '2021-06-30 15:34:09', 1);
insert into Acquisto values(20, 5, '2021-06-09 09:58:48');
insert into Partita values(5, 6, '2021-06-05 03:20:13', 4);
insert into Partita values(5, 6, '2021-06-25 23:42:29', 1);
insert into Partita values(5, 6, '2021-06-03 12:34:51', 4);
insert into Partita values(5, 6, '2021-06-24 10:42:17', 4);
insert into Partita values(5, 6, '2021-06-24 06:41:17', 4);
insert into Partita values(5, 6, '2021-05-23 19:56:05', 2);
insert into Partita values(5, 6, '2021-06-30 08:38:48', 2);
insert into Partita values(5, 6, '2021-06-26 14:50:17', 1);
insert into Partita values(5, 6, '2021-06-17 11:05:53', 3);
insert into Partita values(5, 8, '2021-06-19 12:52:56', 2);
insert into Partita values(5, 8, '2021-06-13 06:39:33', 1);
insert into Partita values(5, 8, '2021-06-24 19:30:49', 3);
insert into Partita values(5, 8, '2021-06-26 20:14:24', 1);
insert into Partita values(5, 8, '2021-06-03 14:41:27', 1);
insert into Preferenza values(5, 8);
insert into Acquisto values(50, 5, '2021-06-20 12:45:36');
insert into Partita values(5, 9, '2021-05-20 04:36:21', 1);
insert into Partita values(5, 9, '2021-05-21 21:32:02', 1);
insert into Partita values(5, 11, '2021-05-24 21:20:38', 1);
insert into Partita values(5, 11, '2021-05-29 11:53:53', 1);
insert into Partita values(5, 11, '2021-06-09 11:21:51', 1);
insert into Partita values(5, 11, '2021-05-19 19:37:39', 4);
insert into Partita values(5, 13, '2021-06-19 13:33:16', 3);
insert into Partita values(5, 13, '2021-06-15 18:16:11', 2);
insert into Partita values(5, 13, '2021-06-09 07:49:12', 4);
insert into Partita values(5, 13, '2021-05-23 18:19:53', 2);
insert into Partita values(5, 13, '2021-06-27 23:32:16', 1);
insert into Partita values(5, 14, '2021-06-10 19:26:30', 3);
insert into Partita values(5, 14, '2021-06-07 03:49:56', 3);
insert into Partita values(5, 14, '2021-05-25 10:40:29', 1);
insert into Partita values(5, 14, '2021-06-09 18:45:05', 4);
insert into Partita values(5, 14, '2021-06-16 06:51:43', 4);
insert into Partita values(5, 14, '2021-07-01 18:15:19', 2);
insert into Partita values(5, 14, '2021-06-28 01:39:26', 1);
insert into Preferenza values(5, 14);
insert into Piano(id, id_usr, tipologia, data_acquisto, ora_acquisto) values(13, 6, 'Gratuito', '2021-04-02', '12:56:01');
insert into Piano(id, id_usr, tipologia, data_acquisto, ora_acquisto) values(14, 6, 'Mensile', '2021-05-02', '16:43:55');
insert into Partita values(6, 1, '2021-05-07 19:39:47', 2);
insert into Partita values(6, 1, '2021-04-26 06:45:19', 2);
insert into Partita values(6, 1, '2021-05-01 10:45:35', 4);
insert into Partita values(6, 1, '2021-05-04 17:04:10', 2);
insert into Partita values(6, 1, '2021-04-28 21:00:38', 3);
insert into Partita values(6, 1, '2021-04-02 23:04:14', 2);
insert into Partita values(6, 1, '2021-05-12 05:24:46', 4);
insert into Partita values(6, 1, '2021-05-19 19:38:17', 3);
insert into Partita values(6, 1, '2021-05-30 13:21:27', 3);
insert into Preferenza values(6, 1);
insert into Partita values(6, 3, '2021-04-26 13:16:04', 1);
insert into Partita values(6, 3, '2021-05-05 13:45:50', 2);
insert into Partita values(6, 3, '2021-05-23 05:55:03', 4);
insert into Partita values(6, 3, '2021-04-10 12:36:12', 1);
insert into Partita values(6, 3, '2021-04-03 03:26:22', 2);
insert into Partita values(6, 3, '2021-05-17 23:17:39', 2);
insert into Partita values(6, 3, '2021-05-25 16:50:41', 3);
insert into Partita values(6, 3, '2021-04-04 21:10:18', 4);
insert into Acquisto values(7, 6, '2021-05-07 00:41:45');
insert into Partita values(6, 5, '2021-04-18 10:33:26', 4);
insert into Preferenza values(6, 5);
insert into Acquisto values(21, 6, '2021-04-08 16:33:30');
insert into Partita values(6, 6, '2021-05-05 14:27:12', 4);
insert into Partita values(6, 6, '2021-05-26 07:17:13', 3);
insert into Partita values(6, 6, '2021-05-14 04:13:45', 1);
insert into Partita values(6, 6, '2021-05-23 13:34:35', 4);
insert into Partita values(6, 6, '2021-05-11 05:38:52', 3);
insert into Acquisto values(32, 6, '2021-05-13 18:54:53');
insert into Partita values(6, 7, '2021-05-19 01:02:31', 3);
insert into Partita values(6, 7, '2021-05-02 14:23:00', 2);
insert into Partita values(6, 7, '2021-05-23 07:01:54', 1);
insert into Partita values(6, 7, '2021-04-08 07:52:48', 2);
insert into Partita values(6, 7, '2021-05-24 16:56:20', 1);
insert into Partita values(6, 7, '2021-04-29 21:51:34', 3);
insert into Partita values(6, 7, '2021-04-07 11:35:30', 4);
insert into Partita values(6, 7, '2021-04-19 23:46:09', 4);
insert into Partita values(6, 7, '2021-04-29 05:07:19', 1);
insert into Preferenza values(6, 7);
insert into Acquisto values(39, 6, '2021-04-28 12:36:27');
insert into Partita values(6, 8, '2021-04-27 23:05:43', 3);
insert into Partita values(6, 8, '2021-05-22 23:52:35', 3);
insert into Partita values(6, 8, '2021-04-13 15:00:50', 1);
insert into Partita values(6, 8, '2021-04-09 16:55:46', 3);
insert into Partita values(6, 8, '2021-04-02 03:56:47', 1);
insert into Partita values(6, 8, '2021-04-08 11:16:28', 4);
insert into Partita values(6, 8, '2021-04-20 18:29:59', 1);
insert into Partita values(6, 8, '2021-05-27 02:10:28', 2);
insert into Acquisto values(51, 6, '2021-04-19 19:11:34');
insert into Partita values(6, 10, '2021-05-08 01:33:21', 3);
insert into Partita values(6, 10, '2021-04-14 15:49:38', 1);
insert into Partita values(6, 10, '2021-04-03 17:32:29', 2);
insert into Partita values(6, 10, '2021-04-27 07:07:30', 2);
insert into Partita values(6, 10, '2021-04-06 20:08:58', 2);
insert into Partita values(6, 10, '2021-05-25 23:41:44', 2);
insert into Partita values(6, 10, '2021-05-15 05:14:02', 1);
insert into Partita values(6, 10, '2021-04-11 17:48:26', 3);
insert into Partita values(6, 10, '2021-06-01 18:37:55', 1);
insert into Preferenza values(6, 10);
insert into Partita values(6, 11, '2021-05-07 08:12:16', 2);
insert into Partita values(6, 11, '2021-05-27 01:22:40', 2);
insert into Partita values(6, 11, '2021-05-20 01:43:40', 2);
insert into Partita values(6, 11, '2021-04-05 09:15:09', 2);
insert into Partita values(6, 11, '2021-04-07 19:18:13', 2);
insert into Preferenza values(6, 11);
insert into Partita values(6, 13, '2021-04-05 19:49:28', 1);
insert into Partita values(6, 13, '2021-05-23 00:57:32', 3);
insert into Partita values(6, 13, '2021-05-31 09:29:26', 4);
insert into Partita values(6, 13, '2021-04-11 10:32:40', 4);
insert into Partita values(6, 13, '2021-05-21 09:17:36', 3);
insert into Acquisto values(78, 6, '2021-04-29 18:51:20');
insert into Partita values(6, 14, '2021-05-24 14:30:54', 4);
insert into Partita values(6, 14, '2021-05-03 16:16:54', 4);
insert into Partita values(6, 14, '2021-04-07 18:17:14', 1);
insert into Partita values(6, 14, '2021-04-14 15:33:56', 1);
insert into Partita values(6, 14, '2021-05-04 11:51:12', 3);
insert into Partita values(6, 14, '2021-04-11 04:55:21', 2);
insert into Partita values(6, 14, '2021-05-30 12:11:33', 4);
insert into Piano(id, id_usr, tipologia, data_acquisto, ora_acquisto) values(15, 7, 'Gratuito', '2021-05-07', '11:37:59');
insert into Piano(id, id_usr, tipologia, data_acquisto, ora_acquisto) values(16, 7, 'Annuale', '2021-06-07', '18:19:23');
insert into PianoCancellato values(16, '2021-06-29', '06:46:44');
insert into Piano(id, id_usr, tipologia, data_acquisto, ora_acquisto) values(17, 7, 'Mensile', '2021-06-29', '05:30:43');
insert into Partita values(7, 1, '2021-05-13 03:15:49', 3);
insert into Partita values(7, 1, '2021-07-06 22:07:20', 2);
insert into Partita values(7, 1, '2021-07-09 05:55:47', 2);
insert into Partita values(7, 1, '2021-07-27 14:58:23', 4);
insert into Partita values(7, 1, '2021-05-16 18:33:07', 1);
insert into Partita values(7, 4, '2021-05-15 22:11:01', 2);
insert into Acquisto values(11, 7, '2021-06-24 20:43:34');
insert into Partita values(7, 5, '2021-05-18 18:24:47', 2);
insert into Partita values(7, 5, '2021-05-24 04:21:54', 4);
insert into Partita values(7, 5, '2021-05-31 14:44:40', 1);
insert into Partita values(7, 5, '2021-06-02 21:17:59', 3);
insert into Partita values(7, 5, '2021-05-28 08:06:10', 3);
insert into Partita values(7, 5, '2021-06-22 15:00:32', 4);
insert into Partita values(7, 5, '2021-07-25 20:16:35', 4);
insert into Partita values(7, 5, '2021-05-11 13:14:00', 4);
insert into Partita values(7, 5, '2021-05-25 02:57:31', 2);
insert into Partita values(7, 5, '2021-06-17 14:20:21', 1);
insert into Preferenza values(7, 5);
insert into Partita values(7, 6, '2021-07-08 20:36:13', 3);
insert into Preferenza values(7, 6);
insert into Partita values(7, 7, '2021-07-07 08:57:45', 1);
insert into Partita values(7, 7, '2021-06-04 00:28:44', 1);
insert into Partita values(7, 7, '2021-05-15 00:05:36', 1);
insert into Partita values(7, 7, '2021-06-28 20:25:18', 1);
insert into Partita values(7, 7, '2021-06-05 22:17:12', 3);
insert into Preferenza values(7, 7);
insert into Acquisto values(40, 7, '2021-07-26 03:50:39');
insert into Partita values(7, 8, '2021-06-01 10:05:33', 4);
insert into Partita values(7, 8, '2021-06-20 23:06:19', 3);
insert into Partita values(7, 8, '2021-06-18 14:08:46', 2);
insert into Partita values(7, 8, '2021-05-07 19:34:42', 1);
insert into Partita values(7, 8, '2021-07-03 16:37:57', 3);
insert into Partita values(7, 8, '2021-06-04 16:00:39', 4);
insert into Partita values(7, 8, '2021-06-24 01:13:47', 3);
insert into Partita values(7, 8, '2021-06-28 19:45:50', 1);
insert into Preferenza values(7, 8);
insert into Acquisto values(52, 7, '2021-06-04 22:08:54');
insert into Partita values(7, 9, '2021-06-03 07:14:30', 3);
insert into Partita values(7, 9, '2021-07-14 03:04:12', 3);
insert into Partita values(7, 9, '2021-05-12 09:59:01', 4);
insert into Partita values(7, 9, '2021-07-10 19:08:52', 3);
insert into Partita values(7, 9, '2021-07-11 07:02:04', 3);
insert into Partita values(7, 9, '2021-07-15 22:14:16', 2);
insert into Preferenza values(7, 9);
insert into Partita values(7, 11, '2021-07-03 22:44:25', 4);
insert into Partita values(7, 11, '2021-05-15 11:09:39', 3);
insert into Partita values(7, 11, '2021-05-22 11:52:59', 3);
insert into Partita values(7, 11, '2021-05-14 09:54:48', 2);
insert into Partita values(7, 11, '2021-07-06 03:25:15', 4);
insert into Partita values(7, 11, '2021-05-19 07:14:55', 2);
insert into Partita values(7, 11, '2021-05-19 20:32:32', 3);
insert into Partita values(7, 11, '2021-06-06 18:52:35', 2);
insert into Partita values(7, 11, '2021-05-26 19:39:48', 4);
insert into Preferenza values(7, 11);
insert into Partita values(7, 14, '2021-06-02 03:47:49', 1);
insert into Piano(id, id_usr, tipologia, data_acquisto, ora_acquisto) values(18, 8, 'Gratuito', '2021-05-31', '16:03:25');
insert into Piano(id, id_usr, tipologia, data_acquisto, ora_acquisto) values(19, 8, 'Annuale', '2021-06-30', '08:46:00');
insert into Piano(id, id_usr, tipologia, data_acquisto, ora_acquisto) values(20, 8, 'Mensile', '2022-06-30', '14:29:47');
insert into Partita values(8, 1, '2022-03-03 06:48:45', 1);
insert into Partita values(8, 1, '2021-07-07 16:34:37', 3);
insert into Partita values(8, 1, '2021-12-04 23:39:25', 3);
insert into Partita values(8, 1, '2022-03-13 03:08:50', 1);
insert into Partita values(8, 1, '2022-07-10 17:42:04', 3);
insert into Partita values(8, 1, '2021-08-06 20:11:04', 4);
insert into Partita values(8, 1, '2022-01-21 01:12:32', 4);
insert into Partita values(8, 5, '2022-06-19 14:09:47', 4);
insert into Partita values(8, 5, '2022-04-09 16:22:35', 3);
insert into Partita values(8, 5, '2022-06-14 06:53:54', 4);
insert into Partita values(8, 5, '2021-12-18 16:59:35', 4);
insert into Partita values(8, 5, '2022-07-03 20:34:07', 3);
insert into Partita values(8, 5, '2022-05-09 05:29:06', 4);
insert into Partita values(8, 5, '2021-11-22 04:54:40', 2);
insert into Partita values(8, 5, '2022-05-14 02:09:13', 3);
insert into Partita values(8, 5, '2022-05-06 09:49:35', 4);
insert into Partita values(8, 6, '2022-02-20 03:28:27', 3);
insert into Partita values(8, 6, '2021-10-15 09:11:39', 3);
insert into Preferenza values(8, 6);
insert into Partita values(8, 8, '2022-01-04 16:16:12', 2);
insert into Partita values(8, 8, '2022-03-14 07:31:48', 4);
insert into Partita values(8, 8, '2021-07-06 18:07:26', 3);
insert into Partita values(8, 8, '2022-07-15 09:24:07', 4);
insert into Preferenza values(8, 8);
insert into Acquisto values(53, 8, '2022-01-21 17:28:23');
insert into Partita values(8, 10, '2022-05-30 08:07:13', 2);
insert into Partita values(8, 10, '2021-11-22 10:02:34', 2);
insert into Partita values(8, 10, '2021-11-09 00:16:19', 2);
insert into Partita values(8, 10, '2021-08-18 01:21:25', 3);
insert into Partita values(8, 10, '2022-06-13 01:12:33', 1);
insert into Partita values(8, 10, '2021-08-28 08:57:16', 4);
insert into Partita values(8, 10, '2022-06-30 13:45:47', 3);
insert into Partita values(8, 10, '2021-07-17 07:36:09', 1);
insert into Partita values(8, 10, '2021-07-13 03:31:57', 3);
insert into Acquisto values(57, 8, '2021-12-20 17:37:07');
insert into Partita values(8, 11, '2022-07-17 15:12:46', 4);
insert into Partita values(8, 11, '2022-04-30 05:44:47', 2);
insert into Partita values(8, 11, '2021-08-11 16:28:26', 3);
insert into Partita values(8, 11, '2022-01-13 05:13:25', 3);
insert into Partita values(8, 11, '2021-10-07 02:54:13', 4);
insert into Partita values(8, 11, '2021-11-18 07:28:47', 4);
insert into Partita values(8, 11, '2021-10-18 01:51:27', 4);
insert into Partita values(8, 11, '2021-09-29 14:03:38', 4);
insert into Partita values(8, 11, '2021-12-06 18:34:58', 3);
insert into Partita values(8, 11, '2022-06-03 12:11:40', 1);
insert into Preferenza values(8, 11);
insert into Partita values(8, 12, '2021-10-14 20:58:36', 2);
insert into Partita values(8, 12, '2022-06-08 14:02:53', 4);
insert into Partita values(8, 12, '2022-03-01 22:49:55', 1);
insert into Partita values(8, 12, '2022-03-22 19:47:13', 4);
insert into Partita values(8, 12, '2022-01-20 10:47:06', 1);
insert into Partita values(8, 12, '2021-09-26 10:19:37', 1);
insert into Partita values(8, 12, '2021-06-12 08:35:36', 2);
insert into Partita values(8, 12, '2022-05-22 17:19:34', 1);
insert into Partita values(8, 12, '2022-05-16 16:53:15', 2);
insert into Partita values(8, 12, '2021-07-29 21:19:07', 3);
insert into Preferenza values(8, 12);
insert into Acquisto values(73, 8, '2021-12-29 08:54:07');
insert into Partita values(8, 14, '2021-07-14 00:46:23', 1);
insert into Partita values(8, 14, '2022-02-28 12:35:29', 1);
insert into Partita values(8, 14, '2022-01-22 11:59:59', 1);
insert into Partita values(8, 14, '2022-06-26 02:04:58', 1);
insert into Partita values(8, 14, '2022-02-09 10:20:12', 1);
insert into Partita values(8, 14, '2021-11-14 05:22:26', 3);
insert into Partita values(8, 14, '2021-12-08 02:00:23', 3);
insert into Preferenza values(8, 14);
insert into Piano(id, id_usr, tipologia, data_acquisto, ora_acquisto) values(21, 9, 'Gratuito', '2021-02-04', '11:29:33');
insert into Piano(id, id_usr, tipologia, data_acquisto, ora_acquisto) values(22, 9, 'Mensile', '2021-03-04', '17:59:53');
insert into Piano(id, id_usr, tipologia, data_acquisto, ora_acquisto) values(23, 9, 'Mensile', '2021-04-04', '15:21:54');
insert into Partita values(9, 1, '2021-03-19 19:21:42', 2);
insert into Partita values(9, 1, '2021-05-03 14:14:40', 1);
insert into Partita values(9, 1, '2021-02-25 06:08:14', 1);
insert into Partita values(9, 1, '2021-04-01 20:35:11', 3);
insert into Partita values(9, 1, '2021-02-21 14:59:27', 3);
insert into Partita values(9, 1, '2021-05-02 06:13:37', 4);
insert into Partita values(9, 1, '2021-04-16 01:44:42', 1);
insert into Preferenza values(9, 1);
insert into Partita values(9, 2, '2021-03-08 21:23:05', 4);
insert into Partita values(9, 2, '2021-02-25 01:13:21', 1);
insert into Preferenza values(9, 2);
insert into Acquisto values(3, 9, '2021-03-13 13:07:27');
insert into Partita values(9, 4, '2021-04-13 07:16:42', 1);
insert into Partita values(9, 4, '2021-05-03 23:34:42', 3);
insert into Partita values(9, 4, '2021-03-14 13:13:42', 3);
insert into Partita values(9, 4, '2021-02-18 14:32:43', 1);
insert into Preferenza values(9, 4);
insert into Acquisto values(12, 9, '2021-03-23 17:40:38');
insert into Partita values(9, 5, '2021-03-13 10:25:21', 3);
insert into Partita values(9, 5, '2021-02-08 23:04:57', 4);
insert into Preferenza values(9, 5);
insert into Partita values(9, 6, '2021-04-19 17:59:05', 1);
insert into Partita values(9, 6, '2021-05-01 11:07:50', 3);
insert into Partita values(9, 6, '2021-04-30 11:03:59', 4);
insert into Partita values(9, 6, '2021-03-29 09:47:25', 4);
insert into Partita values(9, 6, '2021-03-24 12:19:21', 1);
insert into Partita values(9, 6, '2021-03-21 13:30:39', 1);
insert into Partita values(9, 6, '2021-05-03 20:24:15', 3);
insert into Partita values(9, 6, '2021-04-23 22:44:36', 1);
insert into Partita values(9, 6, '2021-03-19 15:14:41', 2);
insert into Partita values(9, 6, '2021-02-16 20:07:56', 1);
insert into Preferenza values(9, 6);
insert into Acquisto values(33, 9, '2021-03-09 02:22:46');
insert into Partita values(9, 8, '2021-04-22 23:55:07', 4);
insert into Partita values(9, 8, '2021-03-17 00:44:27', 4);
insert into Partita values(9, 8, '2021-02-25 00:59:01', 3);
insert into Partita values(9, 8, '2021-03-24 14:01:55', 2);
insert into Partita values(9, 8, '2021-03-22 19:39:24', 3);
insert into Partita values(9, 8, '2021-03-03 06:54:00', 2);
insert into Partita values(9, 11, '2021-03-24 01:51:56', 1);
insert into Partita values(9, 11, '2021-05-02 12:01:07', 3);
insert into Partita values(9, 11, '2021-02-25 06:12:57', 2);
insert into Partita values(9, 11, '2021-03-25 13:35:31', 2);
insert into Partita values(9, 11, '2021-04-03 07:05:09', 3);
insert into Partita values(9, 11, '2021-04-17 22:23:27', 1);
insert into Partita values(9, 11, '2021-03-28 01:02:27', 3);
insert into Partita values(9, 11, '2021-03-30 17:57:42', 1);
insert into Partita values(9, 13, '2021-03-01 05:45:52', 4);
insert into Partita values(9, 13, '2021-04-08 17:34:04', 3);
insert into Partita values(9, 13, '2021-02-19 07:18:39', 3);
insert into Partita values(9, 13, '2021-04-23 04:01:35', 4);
insert into Partita values(9, 13, '2021-02-07 19:53:09', 1);
insert into Partita values(9, 13, '2021-02-08 08:49:03', 4);
insert into Partita values(9, 13, '2021-02-25 03:46:27', 1);
insert into Partita values(9, 13, '2021-03-23 07:49:55', 2);
insert into Partita values(9, 13, '2021-03-04 07:35:35', 1);
insert into Partita values(9, 13, '2021-04-29 02:26:29', 4);
insert into Acquisto values(79, 9, '2021-03-01 09:02:08');
insert into Partita values(9, 14, '2021-03-20 21:54:09', 1);
insert into Partita values(9, 14, '2021-02-17 14:19:22', 1);
insert into Piano(id, id_usr, tipologia, data_acquisto, ora_acquisto) values(24, 10, 'Gratuito', '2021-02-21', '13:58:21');
insert into Piano(id, id_usr, tipologia, data_acquisto, ora_acquisto) values(25, 10, 'Mensile', '2021-03-21', '14:30:47');
insert into PianoCancellato values(25, '2021-04-13', '22:11:52');
insert into Piano(id, id_usr, tipologia, data_acquisto, ora_acquisto) values(26, 10, 'Mensile', '2021-04-13', '13:12:09');
insert into Partita values(10, 1, '2021-05-09 18:39:51', 3);
insert into Partita values(10, 1, '2021-03-01 06:45:56', 1);
insert into Partita values(10, 1, '2021-04-21 05:12:47', 4);
insert into Partita values(10, 1, '2021-03-27 12:24:44', 3);
insert into Partita values(10, 1, '2021-03-03 02:05:59', 4);
insert into Partita values(10, 1, '2021-04-26 03:24:37', 1);
insert into Partita values(10, 1, '2021-04-24 05:51:46', 3);
insert into Partita values(10, 1, '2021-04-02 00:19:56', 4);
insert into Partita values(10, 1, '2021-04-14 07:43:39', 2);
insert into Preferenza values(10, 1);
insert into Partita values(10, 2, '2021-04-06 13:03:46', 2);
insert into Partita values(10, 5, '2021-04-18 01:25:59', 1);
insert into Partita values(10, 5, '2021-03-29 02:32:25', 4);
insert into Acquisto values(22, 10, '2021-04-19 09:13:58');
insert into Partita values(10, 6, '2021-02-27 06:07:37', 1);
insert into Partita values(10, 6, '2021-04-07 20:18:26', 3);
insert into Partita values(10, 6, '2021-03-31 04:36:10', 2);
insert into Partita values(10, 6, '2021-05-12 16:01:05', 1);
insert into Partita values(10, 6, '2021-04-11 08:02:48', 2);
insert into Partita values(10, 6, '2021-03-05 19:42:36', 2);
insert into Partita values(10, 6, '2021-03-24 07:26:38', 2);
insert into Partita values(10, 6, '2021-02-22 09:06:37', 3);
insert into Partita values(10, 7, '2021-04-20 23:37:26', 1);
insert into Preferenza values(10, 7);
insert into Acquisto values(41, 10, '2021-04-25 00:29:18');
insert into Partita values(10, 8, '2021-03-05 03:19:48', 2);
insert into Partita values(10, 8, '2021-03-03 18:43:57', 1);
insert into Partita values(10, 8, '2021-04-26 20:38:13', 1);
insert into Partita values(10, 8, '2021-04-24 04:21:39', 4);
insert into Preferenza values(10, 8);
insert into Partita values(10, 10, '2021-02-27 00:40:42', 2);
insert into Partita values(10, 10, '2021-03-27 19:53:11', 3);
insert into Partita values(10, 10, '2021-03-02 17:57:02', 3);
insert into Partita values(10, 10, '2021-04-23 03:11:47', 2);
insert into Partita values(10, 10, '2021-03-08 21:50:48', 1);
insert into Partita values(10, 10, '2021-04-05 22:51:34', 4);
insert into Preferenza values(10, 10);
insert into Acquisto values(58, 10, '2021-03-08 07:06:54');
insert into Partita values(10, 11, '2021-05-13 08:43:10', 2);
insert into Partita values(10, 11, '2021-03-15 22:14:30', 2);
insert into Partita values(10, 11, '2021-04-30 13:31:58', 1);
insert into Partita values(10, 11, '2021-03-20 10:34:19', 1);
insert into Partita values(10, 11, '2021-03-16 14:39:29', 3);
insert into Partita values(10, 11, '2021-04-03 22:54:56', 2);
insert into Partita values(10, 11, '2021-03-16 16:46:01', 1);
insert into Partita values(10, 12, '2021-05-03 00:43:23', 4);
insert into Partita values(10, 12, '2021-05-01 03:58:33', 3);
insert into Partita values(10, 12, '2021-04-02 10:53:35', 4);
insert into Partita values(10, 14, '2021-03-14 05:53:10', 4);
insert into Partita values(10, 14, '2021-03-15 15:24:27', 2);
insert into Partita values(10, 14, '2021-04-09 01:08:35', 2);
insert into Partita values(10, 14, '2021-02-25 12:51:54', 3);
insert into Piano(id, id_usr, tipologia, data_acquisto, ora_acquisto) values(27, 11, 'Gratuito', '2021-04-28', '09:28:19');
insert into Piano(id, id_usr, tipologia, data_acquisto, ora_acquisto) values(28, 11, 'Mensile', '2021-05-28', '13:57:54');
insert into PianoCancellato values(28, '2021-06-02', '12:14:05');
insert into Partita values(11, 1, '2021-05-21 08:13:29', 1);
insert into Partita values(11, 1, '2021-05-26 18:36:55', 1);
insert into Partita values(11, 1, '2021-05-23 07:57:39', 1);
insert into Partita values(11, 1, '2021-05-12 19:41:27', 3);
insert into Partita values(11, 1, '2021-05-19 06:58:23', 4);
insert into Partita values(11, 1, '2021-05-15 05:49:35', 4);
insert into Partita values(11, 1, '2021-05-05 06:21:57', 1);
insert into Partita values(11, 1, '2021-05-19 06:11:31', 1);
insert into Partita values(11, 1, '2021-05-08 14:02:43', 2);
insert into Partita values(11, 5, '2021-05-04 08:15:18', 3);
insert into Partita values(11, 5, '2021-05-14 20:59:39', 2);
insert into Partita values(11, 5, '2021-05-12 16:16:54', 1);
insert into Partita values(11, 5, '2021-06-01 16:33:32', 4);
insert into Partita values(11, 5, '2021-05-03 17:20:55', 3);
insert into Partita values(11, 5, '2021-04-30 06:23:23', 3);
insert into Partita values(11, 5, '2021-05-25 06:00:37', 2);
insert into Partita values(11, 5, '2021-05-01 23:57:11', 3);
insert into Partita values(11, 5, '2021-04-30 12:55:21', 4);
insert into Partita values(11, 5, '2021-05-04 12:38:12', 2);
insert into Acquisto values(23, 11, '2021-05-27 16:48:30');
insert into Partita values(11, 6, '2021-05-24 03:44:13', 2);
insert into Partita values(11, 6, '2021-05-16 12:05:03', 4);
insert into Partita values(11, 6, '2021-05-09 19:57:40', 1);
insert into Partita values(11, 6, '2021-05-12 04:33:17', 4);
insert into Partita values(11, 6, '2021-04-28 18:49:43', 1);
insert into Partita values(11, 6, '2021-05-14 08:16:51', 3);
insert into Partita values(11, 7, '2021-05-08 07:57:57', 4);
insert into Partita values(11, 7, '2021-04-29 07:32:55', 3);
insert into Partita values(11, 8, '2021-05-02 09:22:42', 2);
insert into Partita values(11, 8, '2021-05-29 23:11:52', 3);
insert into Partita values(11, 8, '2021-05-21 15:04:57', 2);
insert into Partita values(11, 8, '2021-05-28 01:36:08', 1);
insert into Partita values(11, 8, '2021-05-20 16:03:31', 1);
insert into Partita values(11, 8, '2021-05-17 08:52:29', 3);
insert into Preferenza values(11, 8);
insert into Partita values(11, 9, '2021-05-15 03:22:58', 1);
insert into Partita values(11, 9, '2021-05-18 19:19:53', 3);
insert into Partita values(11, 9, '2021-05-22 01:22:01', 4);
insert into Partita values(11, 9, '2021-05-06 02:05:06', 1);
insert into Partita values(11, 10, '2021-05-06 22:14:36', 3);
insert into Preferenza values(11, 10);
insert into Partita values(11, 11, '2021-05-23 02:57:44', 1);
insert into Partita values(11, 11, '2021-05-25 03:18:53', 2);
insert into Partita values(11, 11, '2021-05-07 12:04:02', 3);
insert into Partita values(11, 11, '2021-05-10 20:18:44', 3);
insert into Partita values(11, 12, '2021-05-26 08:22:05', 1);
insert into Partita values(11, 12, '2021-04-28 08:16:12', 3);
insert into Partita values(11, 12, '2021-05-02 00:40:55', 4);
insert into Partita values(11, 12, '2021-06-01 08:06:21', 3);
insert into Preferenza values(11, 12);
insert into Acquisto values(74, 11, '2021-05-10 06:11:12');
insert into Partita values(11, 14, '2021-05-27 23:48:18', 4);
insert into Partita values(11, 14, '2021-05-06 23:31:31', 3);
insert into Partita values(11, 14, '2021-05-07 22:30:30', 2);
insert into Preferenza values(11, 14);
insert into Sessione(id, id_vg, id_creatore, data, tempo_trascorso) values(5, 1, 9, '2021-02-25', 3);
insert into Partecipazione(id_usr, id_session) values(9, 5);
insert into Partecipazione(id_usr, id_session) values(10, 5);
insert into Sessione(id, id_vg, id_creatore, data, tempo_trascorso) values(10, 1, 9, '2021-02-24', 3);
insert into Partecipazione(id_usr, id_session) values(9, 10);
insert into Partecipazione(id_usr, id_session) values(10, 10);
insert into Sessione(id, id_vg, id_creatore, data, tempo_trascorso) values(11, 5, 6, '2021-04-20', 2);
insert into Partecipazione(id_usr, id_session) values(3, 11);
insert into Partecipazione(id_usr, id_session) values(6, 11);
insert into Partecipazione(id_usr, id_session) values(9, 11);
insert into Partecipazione(id_usr, id_session) values(10, 11);
insert into Sessione(id, id_vg, id_creatore, data, tempo_trascorso) values(12, 5, 5, '2021-06-11', 2);
insert into Partecipazione(id_usr, id_session) values(2, 12);
insert into Partecipazione(id_usr, id_session) values(4, 12);
insert into Partecipazione(id_usr, id_session) values(5, 12);
insert into Partecipazione(id_usr, id_session) values(7, 12);
insert into Partecipazione(id_usr, id_session) values(8, 12);
insert into Sessione(id, id_vg, id_creatore, data, tempo_trascorso) values(14, 5, 10, '2021-05-01', 3);
insert into Partecipazione(id_usr, id_session) values(1, 14);
insert into Partecipazione(id_usr, id_session) values(3, 14);
insert into Partecipazione(id_usr, id_session) values(4, 14);
insert into Partecipazione(id_usr, id_session) values(6, 14);
insert into Partecipazione(id_usr, id_session) values(9, 14);
insert into Partecipazione(id_usr, id_session) values(10, 14);
insert into Partecipazione(id_usr, id_session) values(11, 14);
insert into Sessione(id, id_vg, id_creatore, data, tempo_trascorso) values(15, 5, 5, '2021-06-14', 3);
insert into Partecipazione(id_usr, id_session) values(2, 15);
insert into Partecipazione(id_usr, id_session) values(4, 15);
insert into Partecipazione(id_usr, id_session) values(5, 15);
insert into Partecipazione(id_usr, id_session) values(7, 15);
insert into Partecipazione(id_usr, id_session) values(8, 15);
insert into Sessione(id, id_vg, id_creatore, data, tempo_trascorso) values(17, 5, 6, '2021-05-11', 3);
insert into Partecipazione(id_usr, id_session) values(1, 17);
insert into Partecipazione(id_usr, id_session) values(3, 17);
insert into Partecipazione(id_usr, id_session) values(4, 17);
insert into Partecipazione(id_usr, id_session) values(6, 17);
insert into Partecipazione(id_usr, id_session) values(7, 17);
insert into Partecipazione(id_usr, id_session) values(10, 17);
insert into Partecipazione(id_usr, id_session) values(11, 17);
insert into Sessione(id, id_vg, id_creatore, data, tempo_trascorso) values(25, 6, 10, '2021-02-24', 4);
insert into Partecipazione(id_usr, id_session) values(9, 25);
insert into Partecipazione(id_usr, id_session) values(10, 25);
insert into Sessione(id, id_vg, id_creatore, data, tempo_trascorso) values(29, 6, 3, '2021-03-10', 2);
insert into Partecipazione(id_usr, id_session) values(3, 29);
insert into Partecipazione(id_usr, id_session) values(9, 29);
insert into Partecipazione(id_usr, id_session) values(10, 29);
insert into Sessione(id, id_vg, id_creatore, data, tempo_trascorso) values(32, 6, 10, '2021-03-01', 2);
insert into Partecipazione(id_usr, id_session) values(3, 32);
insert into Partecipazione(id_usr, id_session) values(9, 32);
insert into Partecipazione(id_usr, id_session) values(10, 32);
insert into Sessione(id, id_vg, id_creatore, data, tempo_trascorso) values(35, 6, 10, '2021-03-08', 1);
insert into Partecipazione(id_usr, id_session) values(3, 35);
insert into Partecipazione(id_usr, id_session) values(9, 35);
insert into Partecipazione(id_usr, id_session) values(10, 35);
insert into Sessione(id, id_vg, id_creatore, data, tempo_trascorso) values(38, 6, 9, '2021-03-31', 1);
insert into Partecipazione(id_usr, id_session) values(3, 38);
insert into Partecipazione(id_usr, id_session) values(9, 38);
insert into Partecipazione(id_usr, id_session) values(10, 38);
insert into Sessione(id, id_vg, id_creatore, data, tempo_trascorso) values(39, 6, 10, '2021-03-11', 1);
insert into Partecipazione(id_usr, id_session) values(3, 39);
insert into Partecipazione(id_usr, id_session) values(9, 39);
insert into Partecipazione(id_usr, id_session) values(10, 39);
insert into Sessione(id, id_vg, id_creatore, data, tempo_trascorso) values(43, 8, 10, '2021-04-16', 4);
insert into Partecipazione(id_usr, id_session) values(3, 43);
insert into Partecipazione(id_usr, id_session) values(6, 43);
insert into Partecipazione(id_usr, id_session) values(9, 43);
insert into Partecipazione(id_usr, id_session) values(10, 43);
insert into Sessione(id, id_vg, id_creatore, data, tempo_trascorso) values(46, 8, 10, '2021-02-28', 2);
insert into Partecipazione(id_usr, id_session) values(3, 46);
insert into Partecipazione(id_usr, id_session) values(9, 46);
insert into Partecipazione(id_usr, id_session) values(10, 46);
insert into Sessione(id, id_vg, id_creatore, data, tempo_trascorso) values(48, 8, 3, '2021-03-15', 3);
insert into Partecipazione(id_usr, id_session) values(3, 48);
insert into Partecipazione(id_usr, id_session) values(9, 48);
insert into Partecipazione(id_usr, id_session) values(10, 48);
insert into Sessione(id, id_vg, id_creatore, data, tempo_trascorso) values(50, 8, 10, '2021-03-15', 1);
insert into Partecipazione(id_usr, id_session) values(3, 50);
insert into Partecipazione(id_usr, id_session) values(9, 50);
insert into Partecipazione(id_usr, id_session) values(10, 50);
insert into Sessione(id, id_vg, id_creatore, data, tempo_trascorso) values(51, 11, 7, '2021-05-11', 4);
insert into Partecipazione(id_usr, id_session) values(1, 51);
insert into Partecipazione(id_usr, id_session) values(4, 51);
insert into Partecipazione(id_usr, id_session) values(6, 51);
insert into Partecipazione(id_usr, id_session) values(7, 51);
insert into Partecipazione(id_usr, id_session) values(10, 51);
insert into Partecipazione(id_usr, id_session) values(11, 51);
insert into Sessione(id, id_vg, id_creatore, data, tempo_trascorso) values(52, 11, 2, '2021-05-25', 2);
insert into Partecipazione(id_usr, id_session) values(2, 52);
insert into Partecipazione(id_usr, id_session) values(4, 52);
insert into Partecipazione(id_usr, id_session) values(5, 52);
insert into Partecipazione(id_usr, id_session) values(6, 52);
insert into Partecipazione(id_usr, id_session) values(7, 52);
insert into Partecipazione(id_usr, id_session) values(11, 52);
insert into Sessione(id, id_vg, id_creatore, data, tempo_trascorso) values(54, 11, 10, '2021-04-10', 3);
insert into Partecipazione(id_usr, id_session) values(3, 54);
insert into Partecipazione(id_usr, id_session) values(6, 54);
insert into Partecipazione(id_usr, id_session) values(9, 54);
insert into Partecipazione(id_usr, id_session) values(10, 54);
insert into Sessione(id, id_vg, id_creatore, data, tempo_trascorso) values(55, 11, 7, '2021-05-22', 4);
insert into Partecipazione(id_usr, id_session) values(1, 55);
insert into Partecipazione(id_usr, id_session) values(2, 55);
insert into Partecipazione(id_usr, id_session) values(4, 55);
insert into Partecipazione(id_usr, id_session) values(5, 55);
insert into Partecipazione(id_usr, id_session) values(6, 55);
insert into Partecipazione(id_usr, id_session) values(7, 55);
insert into Partecipazione(id_usr, id_session) values(11, 55);
insert into Sessione(id, id_vg, id_creatore, data, tempo_trascorso) values(58, 11, 8, '2021-06-15', 3);
insert into Partecipazione(id_usr, id_session) values(2, 58);
insert into Partecipazione(id_usr, id_session) values(4, 58);
insert into Partecipazione(id_usr, id_session) values(5, 58);
insert into Partecipazione(id_usr, id_session) values(7, 58);
insert into Partecipazione(id_usr, id_session) values(8, 58);
insert into Sessione(id, id_vg, id_creatore, data, tempo_trascorso) values(59, 11, 5, '2021-06-05', 2);
insert into Partecipazione(id_usr, id_session) values(2, 59);
insert into Partecipazione(id_usr, id_session) values(4, 59);
insert into Partecipazione(id_usr, id_session) values(5, 59);
insert into Partecipazione(id_usr, id_session) values(7, 59);
insert into Partecipazione(id_usr, id_session) values(8, 59);
insert into Sessione(id, id_vg, id_creatore, data, tempo_trascorso) values(60, 11, 9, '2021-03-14', 2);
insert into Partecipazione(id_usr, id_session) values(3, 60);
insert into Partecipazione(id_usr, id_session) values(9, 60);
insert into Partecipazione(id_usr, id_session) values(10, 60);
insert into Sessione(id, id_vg, id_creatore, data, tempo_trascorso) values(62, 11, 9, '2021-03-02', 2);
insert into Partecipazione(id_usr, id_session) values(3, 62);
insert into Partecipazione(id_usr, id_session) values(9, 62);
insert into Partecipazione(id_usr, id_session) values(10, 62);
insert into Sessione(id, id_vg, id_creatore, data, tempo_trascorso) values(64, 11, 10, '2021-04-03', 2);
insert into Partecipazione(id_usr, id_session) values(3, 64);
insert into Partecipazione(id_usr, id_session) values(6, 64);
insert into Partecipazione(id_usr, id_session) values(9, 64);
insert into Partecipazione(id_usr, id_session) values(10, 64);
insert into Sessione(id, id_vg, id_creatore, data, tempo_trascorso) values(65, 11, 3, '2021-03-31', 1);
insert into Partecipazione(id_usr, id_session) values(3, 65);
insert into Partecipazione(id_usr, id_session) values(9, 65);
insert into Partecipazione(id_usr, id_session) values(10, 65);
insert into Sessione(id, id_vg, id_creatore, data, tempo_trascorso) values(66, 14, 5, '2021-05-29', 1);
insert into Partecipazione(id_usr, id_session) values(4, 66);
insert into Partecipazione(id_usr, id_session) values(5, 66);
insert into Partecipazione(id_usr, id_session) values(11, 66);
insert into Sessione(id, id_vg, id_creatore, data, tempo_trascorso) values(69, 14, 10, '2021-03-01', 2);
insert into Partecipazione(id_usr, id_session) values(9, 69);
insert into Partecipazione(id_usr, id_session) values(10, 69);
insert into Sessione(id, id_vg, id_creatore, data, tempo_trascorso) values(72, 14, 10, '2021-03-01', 1);
insert into Partecipazione(id_usr, id_session) values(9, 72);
insert into Partecipazione(id_usr, id_session) values(10, 72);
insert into Sessione(id, id_vg, id_creatore, data, tempo_trascorso) values(73, 14, 5, '2021-06-19', 3);
insert into Partecipazione(id_usr, id_session) values(4, 73);
insert into Partecipazione(id_usr, id_session) values(5, 73);
insert into Sessione(id, id_vg, id_creatore, data, tempo_trascorso) values(74, 14, 9, '2021-03-11', 2);
insert into Partecipazione(id_usr, id_session) values(9, 74);
insert into Partecipazione(id_usr, id_session) values(10, 74);
insert into Sessione(id, id_vg, id_creatore, data, tempo_trascorso) values(75, 14, 5, '2021-06-09', 2);
insert into Partecipazione(id_usr, id_session) values(4, 75);
insert into Partecipazione(id_usr, id_session) values(5, 75);
insert into Sessione(id, id_vg, id_creatore, data, tempo_trascorso) values(76, 14, 9, '2021-03-05', 4);
insert into Partecipazione(id_usr, id_session) values(9, 76);
insert into Partecipazione(id_usr, id_session) values(10, 76);
